SRA_id	RpS2_count	RpL4_count	DEIK_ratio	RK_ratio	MIP_count	ClcA_count	MscS_count	MscL_count	OpuAC_count	Na_ala_count	CorA_count	Na_Ca_count	BCCT_count	MgtE_count	EctC_count	MnhE_count	Trehalose_PPase_count	TrkH_count	Kup_count	Hppase_count	NhaB_count	NhaC_count	NhaD_count	Kdp_count	MtrA_count	AApermease_count	BranchedchainAA_transp_count	TreT_count	NqrA_count	KimA_count	Betain_ald_dehyd_count	total_CPA_count	Uncharacterized_CPA_count	Kef_count	CPA1_count	NhaA_count	NhaS5_count	CHX_count	GerN_count	CPA1_SL_count	NhaP_CPA1_count	SOD2_count	Undescribed_CPA1_count	UndProkarya_CPA1_IDK_count
SRR29699994	12297	11375	0.7066016027440359	0.8048013026448972	5028	11426	20316	5910	10894	12523	15546	23211	11716	7961	1124	7082	4478	26166	5718	22896	587	7151	56153	654	38	30957	171	272	3171	724	92389	66985	5869	22167	4737	6629	3651	4126	348	892	3575	6476	3904	4611
SRR15430510	21889	20943	0.8297001930854432	0.9484441132218738	7977	6981	52879	12368	117650	68301	26999	39560	146351	15140	4877	12597	3805	47170	644	1180	7207	88081	121041	788	0	76204	25479	38	16310	93	514169	143464	17076	22306	12603	3289	1775	23856	0	0	29515	15080	856	17108
SRR9660393	2125	1932	0.6126471224243922	0.5659006421088205	779	1088	1289	264	2690	2681	586	1878	1194	971	43	154	69	4337	103	5000	712	985	3393	2	30	1952	25	1	503	21	15320	4491	1063	942	353	1265	342	105	0	2	27	83	61	248
SRR22573012	4400	3844	0.860175280048759	1.1709428740857877	6768	8602	3949	2503	6188	171	5680	6141	28	1583	167	122	2399	375	6873	10641	4	116	6284	6893	93	49861	38	566	283	3121	49667	20720	1332	4739	5426	2050	2207	3312	152	0	499	294	591	118
SRR10694889	5996	6026	0.6995190601263577	0.8569111270549334	3057	6761	5660	1124	6046	8779	671	7884	5213	3350	90	486	447	10391	179	12513	923	3043	13034	9	13	6900	94	17	1853	156	45797	18604	5303	2280	1904	2621	2357	83	4	148	391	142	379	2992
SRR22405881	22097	21958	0.9556849585471773	1.4301184229735415	43535	17288	14851	10364	42794	1208	37632	52791	7411	5424	220	3393	18068	9928	14912	45659	0	340	38666	13042	428	173379	19	2305	185	25639	258163	128279	4497	11203	41002	18113	8283	7700	215	17	16898	18313	227	1811
SRR15526470	7424	7823	1.36650628659616	1.7670515097690942	55	87	11097	8	1114	757	416	12895	19537	10919	20	7291	360	18957	0	824	1	1387	17351	1	1	66715	0	157	5	0	26455	12852	660	894	738	43	131	4	0	5	3	0	10	10364
ERR1726008	520	419	0.8002197399743637	0.9442190669371197	610	473	831	356	1136	1327	1243	531	1520	354	1	248	241	1000	1006	53	169	1310	1416	320	0	4545	706	0	84	29	4924	3018	100	1604	784	222	13	18	40	6	153	30	14	34
SRR6821719	5870	5011	0.9556541019955654	1.3192130679976664	5903	16117	5635	3785	4626	479	8735	9745	173	1950	118	384	4622	1119	5437	15441	38	346	11087	4151	218	50526	35	1972	97	8036	56860	28993	3093	4917	7149	3328	1083	2144	851	10	1986	2647	1486	299
SRR23617213	28385	26380	0.6579868460736056	0.8422417398578	26834	12248	12918	12835	18122	1002	34729	21510	829	12845	222	412	6100	2669	36341	58859	68	1527	25827	11411	482	154361	118	696	1320	12301	255802	92114	5174	31858	10489	12598	5677	12482	320	257	4611	3967	4524	157
SRR27943758	2056	2019	0.8111060910995195	1.0593138349333928	4698	5285	2072	1163	2969	347	4131	2714	181	935	43	380	1276	548	3448	4947	41	401	4637	4744	3	21505	63	191	94	1787	33961	14307	602	3102	3247	1996	1367	1265	93	2	1011	1128	323	171
SRR28149506	11640	12704	1.308319263102994	1.764246091780131	3757	3831	46557	3160	9668	11099	15321	72028	24227	15725	447	9041	3576	42496	2067	12579	47	16572	86417	130	26	146947	31	1873	565	31	94613	71692	7497	23214	7108	5204	1068	2146	5	81	1314	1652	2281	20122
SRR28327197	7351	7210	0.7141823766386967	0.8290219070633443	3463	1675	3348	2026	2502	379	10393	5664	21	1544	32	88	126	2109	10418	21690	23	289	7605	309	25	28298	106	15	516	2768	64871	18078	3744	7741	426	2229	202	2313	17	17	391	190	782	26
SRR30952007	11869	10358	0.668517946500278	0.7403480031878155	6295	8765	16055	3081	10865	15733	9150	17298	7141	7580	512	2541	1705	21695	1247	27028	3161	8769	39827	22	336	24323	411	496	3542	474	88816	46810	8273	13762	4619	8186	1959	653	125	325	301	1920	3652	3035
SRR29270179	17287	15310	0.7774822112199538	1.0510911424903722	10067	23461	16319	3584	12279	4412	17163	20023	1135	7557	72	2863	346	16395	8659	29253	47	1387	27273	13124	407	56498	46	17	647	8427	112994	86819	20002	22010	3593	5164	8667	9610	36	138	7855	466	350	8928
SRR25522538	11274	13165	0.7210860084759837	1.1072528831728072	2508	1478	10214	850	277	1266	4733	8560	71	3472	0	1363	1651	7501	1098	25548	0	688	26507	240	943	23751	0	2585	480	267	43308	23037	5848	10497	87	6	3378	2	3163	0	1	0	55	0
SRR28149493	15802	18600	1.4531034435888897	1.9193630943323143	1116	5354	64441	2770	8617	11248	19670	88097	33819	22734	748	12201	4981	59718	2627	12011	102	20436	107002	42	21	193268	44	2098	614	35	129614	96089	8849	32697	7243	6171	2013	2275	19	5	1084	3018	3207	29508
SRR23862438	11009	9585	0.9073418448825085	1.3734131850978768	5152	12595	19097	1683	14042	20086	9689	30460	20775	9902	2216	6705	5910	25391	380	23572	917	9217	45462	31	49	25482	468	1336	1818	49	85126	62175	5417	23655	4387	4567	1150	1824	118	149	1641	3785	7499	7983
SRR25522557	42824	47358	0.8702145141232901	1.224267130665341	19364	30276	23107	16162	108	63370	3811	26951	21	42901	2	27296	1718	67540	2169	22330	0	17436	94563	23	0	25686	298	1960	286	191	210344	169886	39008	77426	47	36466	16705	10	5	76	33	9	4	97
SRR30952010	14947	15491	0.7073042693277599	0.7999544373006632	10235	8241	7429	2033	2733	1749	7854	6568	238	4257	152	806	1027	7285	11519	34670	89	352	9479	179	26	35747	36	41	535	8500	99534	33479	5960	10447	813	8958	792	1331	31	41	2834	111	920	1241
SRR21053863	11000	10677	1.265015533310321	1.4083054802295516	3208	2722	18652	2305	19996	16621	8533	41917	7381	4554	6	4358	6011	25181	142	17057	4	18992	52981	95	47	61202	7	1554	2	14	40757	45077	10449	15550	53	3566	5725	18	0	58	13	3	2655	6987
SRR28061031	3476	2558	0.8201485835578415	1.0683002605732612	1614	2894	9557	2608	2076	5672	7109	8018	1378	3682	139	1625	721	7193	1509	7899	900	3785	19779	13	211	11786	138	263	1007	435	24751	23547	3280	6877	2556	3734	654	699	103	145	121	1008	1982	2388
ERR1713372	8414	9020	0.7222255110066217	0.6758049091488684	4099	6685	9789	5477	11341	12828	26878	9217	8277	2982	255	4959	1469	17319	12796	11721	279	10707	19012	5844	9	19312	4380	30	1316	347	72851	46347	2396	21466	4634	3969	1152	1532	766	693	2061	966	6246	466
SRR27216452	3735	3611	0.691741232130001	0.7508179040086285	3231	1857	2073	901	1236	588	4156	2001	305	1011	48	360	276	2052	3955	8511	67	389	4258	692	9	12651	44	27	193	1719	27587	10307	930	3807	654	2440	317	708	15	48	494	581	135	178
SRR31840415	26352	26516	0.7880988039449801	1.0833530996648846	34192	77419	16111	10653	9522	1895	12654	15968	168	3919	33	941	12727	5206	34822	83981	72	3357	39127	96180	4533	330137	683	4041	962	23047	236914	75416	6474	18767	16074	5786	15091	7154	787	5	513	3475	400	890
SRR28562157	15454	15301	0.7584167496876828	0.9596358608801824	7392	23060	19053	4567	2704	1295	22649	16834	544	5862	46	2078	652	13341	17650	15517	48	625	20098	3029	84	59367	157	41	637	10930	85353	63455	18575	20005	1879	4769	1292	2668	140	99	9700	332	437	3559
SRR28149498	13050	13536	1.143948214377247	1.420329593464089	4476	7943	51075	3698	17326	17894	17350	76636	31602	15179	1229	11571	7326	48494	3159	16674	239	20432	87257	780	93	141984	478	2394	1762	128	120247	99378	11614	33143	7181	9522	2261	3868	103	366	1741	4909	5847	18823
SRR28327201	6449	5641	0.7273187296091618	0.8962799420744012	6063	2841	3015	1072	2594	489	6847	2987	185	1981	105	76	386	1487	7532	20157	68	188	7590	347	25	27374	150	32	293	3415	55315	13973	1378	5118	530	2198	418	1504	58	3	742	301	1634	89
SRR27067707	3970	4019	0.8831813131443632	1.2906884480746792	3419	17436	2968	2423	3428	119	3023	4179	100	236	241	481	3048	926	4943	10635	245	126	7782	5153	125	57566	79	307	41	4710	54343	16254	1869	3150	4014	1666	690	1181	212	2	1473	1190	71	736
SRR30952022	14175	13371	0.7081805745554035	0.8845863980233346	7898	15903	11917	2838	6251	7239	8196	16203	379	6022	288	2870	1463	16317	4012	28738	122	1386	17411	222	259	31980	75	142	695	6441	87381	45254	9825	9963	1496	6962	3118	1316	90	270	6707	319	1309	3879
SRR12825434	10545	9889	0.7945985977544611	1.062444559252147	16936	14023	12783	6997	10885	2078	16826	14816	142	6080	217	1180	5744	3159	12972	22452	136	2102	24688	15722	445	85674	185	1856	1045	8396	106042	49539	5201	12186	8322	5816	4711	4824	720	37	2774	3702	1059	187
SRR17205152	12375	12057	0.82549873569564	1.1232415005861665	29062	7989	13014	7370	16547	2443	31986	17359	585	10181	238	1247	8715	4130	20024	28863	579	1684	28833	18663	66	124691	38	2125	474	8412	175261	91513	4995	27807	17979	11470	3687	8598	171	1	6102	8142	2352	209
ERR1713342	9463	9847	0.7447438874786863	0.7329720626383626	6923	9881	9249	5930	13696	10573	21845	9044	6118	3714	137	2815	2181	14856	13134	11348	254	6018	17943	6531	112	47056	3322	81	1098	1452	83977	42536	2054	16037	6372	5025	1075	1599	477	1225	2614	2781	2516	761
ERR13301384	19532	17880	0.8248688528940826	1.20607880745676	19107	21908	38421	1551	22138	30292	6381	32169	17864	11909	2305	4828	7211	31930	996	46646	4346	20795	88414	9	1117	63454	434	2088	3804	318	191551	127856	16974	34738	14133	18983	1431	1660	898	496	232	19770	7441	11100
SRR19844289	1920	1766	0.7079485786710121	0.8734449266377351	922	1942	4960	303	3218	1842	1818	4039	1532	1185	58	1375	1465	3782	7	3469	1	1074	6677	458	15	4135	5	476	547	40	6713	9510	2138	2200	821	295	1327	250	43	589	166	455	805	421
DRR437139	191	157	0.7337461300309598	0.9326424870466321	98	178	201	58	118	57	289	297	24	97	0	43	22	163	161	402	2	26	436	142	14	673	6	9	24	62	1170	898	193	229	161	54	58	79	1	5	26	1	5	86
DRR083050	1362	1270	0.5231760173368649	0.48103901797457255	604	281	725	33	2110	1146	213	937	544	645	7	63	18	3043	47	3130	241	437	1566	1	61	802	3	0	187	10	9003	2070	595	485	167	705	37	5	0	4	7	9	32	24
ERR1713389	4993	4979	0.7170326904546174	0.6549241768300225	2502	4577	5659	3083	5173	8168	13035	5537	4198	1686	132	2535	967	10626	6333	6917	315	5729	14225	3751	14	11996	2210	47	976	373	31964	26209	1561	11341	1924	2848	1461	937	434	420	1617	499	2849	318
SRR28149500	12589	13505	1.262293618920125	1.6834048158321688	2307	6562	47378	4380	10979	14583	17021	69867	26901	16187	696	9020	5994	47672	2818	16673	190	23111	93596	150	30	144826	148	2350	1081	120	120259	91801	10842	27772	6108	8616	2067	3579	138	38	1831	3470	6312	21028
SRR16945711	4492	4257	0.7761811806383978	0.9394558484936927	3709	2500	4521	2957	2952	3189	8721	5795	1457	1723	51	1018	1411	4820	6862	11006	351	1547	11838	2710	129	28814	602	315	508	2842	46433	24001	1653	9816	1729	3246	838	1588	208	32	1154	2172	1375	190
SRR24999996	2518	2836	0.8321460659735592	1.2733906852566004	2780	6449	4636	352	3835	388	3627	5665	187	387	4	1519	88	4071	773	1586	57	285	7710	135	8	9857	82	3	131	124	15267	20151	3202	4236	3387	402	2943	2244	39	4	246	100	88	3260
SRR18243826	1610	1351	0.5922829294464813	0.5578972674092475	1043	1089	956	134	2840	2666	467	1300	1136	753	37	165	42	3509	236	4202	439	912	3743	27	20	1451	115	1	491	27	15023	3448	1056	814	437	723	61	21	0	10	19	51	105	151
SRR6811659	4977	4311	0.7632617854891683	0.9392227409235526	1678	6576	8366	1323	3370	6796	6217	9526	3842	3687	892	1403	1491	10256	1012	10149	917	4234	22779	39	313	15804	333	1037	1292	353	30704	30028	5050	7891	3748	3919	1548	327	207	286	443	818	3349	2442
DRR846328	36223	29687	0.8145042429109356	1.119833395865292	12817	16183	66058	8976	72894	50315	20794	66501	122489	35561	2646	46285	19824	68530	921	74334	18	40008	281168	271	442	60158	5817	1509	9046	964	197963	136416	14156	31977	9049	2586	17592	8640	357	5636	31358	5199	8793	1073
SRR5788193	6890	5435	0.5848469404352682	0.6385846844090955	6619	2067	4508	325	9610	6424	855	6492	1811	3046	49	558	372	13398	107	25195	635	1669	12709	7	0	6571	55	0	1233	12	50337	12379	3375	2243	1133	4051	590	39	27	29	48	52	292	500
SRR14527627	9715	8421	0.6818249613388911	0.6768420456476185	4494	8481	15991	1875	11114	18601	6515	11985	10775	6291	787	3183	463	16769	1006	11916	2250	13687	31692	121	11	9462	1280	9	4798	91	92773	37935	4363	15391	3289	8355	336	172	1	59	867	1647	477	2978
SRR28061478	1370	1036	0.7969816989893471	0.9703193487789605	3983	3986	1855	1002	2570	171	2336	1740	33	155	18	136	858	122	4277	2912	3	307	2929	5502	37	22274	38	85	80	1934	26593	7492	209	1008	2793	416	1039	1271	31	2	162	333	97	131
SRR22405873	17204	17324	0.9378310689509962	1.440265150693254	27786	13669	13285	4519	34367	390	36538	33787	3849	3537	222	4478	17593	13193	22481	36631	0	694	33916	10058	8	114146	4	4485	179	14388	167791	106818	2293	8900	28942	15713	4067	2968	144	67	17488	25958	205	73
SRR25522551	6550	8897	0.870177948875186	1.435483520069618	760	12481	7718	74	775	11	566	8424	175	189	1	351	8162	252	963	17910	0	48	25538	1669	469	59913	0	163	69	163	12898	14781	12836	1193	222	9	364	13	0	2	5	4	129	4
SRR16945772	4673	4642	0.8930331665740227	1.0437108822935595	7589	2822	3759	4440	4619	1592	10307	3526	4319	911	70	2363	5069	10139	2437	6329	47	456	14273	2926	173	51191	192	555	119	7890	72722	31991	1067	7574	5697	5680	1540	729	152	19	1205	7681	560	87
SRR13203224	44893	56267	0.7182314292596622	1.4492873268861408	46264	101393	32081	19907	3695	134	1258	26614	36	196	404	289	23053	2513	4428	98945	0	59	85989	91330	493	436087	34	5108	137	14644	310656	168726	142848	5310	10639	1788	245	6425	72	6	910	301	136	46
SRR25522540	32585	40245	0.6845260381120684	1.3461434735706581	2946	21227	36118	70	362	4983	2930	4309	88	25035	1	30001	6489	48895	552	43907	0	1582	123426	236	6670	74032	7	781	638	87	25986	34725	6241	23481	58	0	4228	51	614	0	0	0	52	0
CB12018ATAAGGCG-CGCCTTAT	16538	14489	0.7116878028758926	0.7649592175178529	2106	26504	51563	4507	56875	32212	20032	43186	120228	17925	6430	7576	4208	44261	441	13264	1807	17772	102647	18857	103	39324	3335	12	12694	329	342154	134453	3276	37059	27155	4861	4454	400	19	133	18374	16076	4718	17928
SRR22299281	1744	1928	0.8049346361486637	0.8205321917233275	1935	3733	1006	736	3786	3251	2618	625	2130	376	42	417	1231	1620	2031	2665	18	1434	2960	2850	1	13517	3213	34	101	1397	9097	8727	439	749	1523	1444	423	265	17	218	1733	182	2	1732
ERR1713344	9550	8529	0.6973518890498331	0.7170303969617001	6658	9114	9487	5447	4484	6423	18276	8484	2096	4078	98	1799	2721	11048	16008	21164	284	4044	23865	7687	179	38677	1410	215	1384	1994	71989	46398	4308	18049	3941	6376	2679	4059	339	264	2458	835	2690	400
ERR13337193	5418	4870	0.8193831792806808	1.067181843497633	8580	5384	5935	3111	20412	2884	14499	6758	9872	1812	557	2384	4727	3353	9920	8431	575	1578	14921	10668	0	72462	1281	306	220	6014	131515	48756	209	11181	11359	8168	2030	2932	12	2	5494	5661	1109	599
ERR1713341	4332	4284	0.7437567680133278	0.6627829656827315	2626	5401	3543	2753	5205	6211	9229	3514	2739	1961	22	775	655	9127	5282	3554	195	3200	7437	1415	16	13641	2768	20	546	433	22171	15096	837	5474	2553	1613	280	395	555	723	916	204	1385	161
SRR16971107	28871	24962	0.867117575773762	1.3445221474098896	36420	10642	25610	14945	28355	5118	63651	69949	1347	27074	290	1801	25404	26523	39655	88960	850	3214	88584	17298	376	178992	46	3253	2566	12635	297456	180246	13202	91549	7653	19460	21416	15718	682	33	3178	2042	3459	1854
SRR16945769	4145	4215	0.8754574945932457	1.1436910984776223	5877	1996	3291	2797	5013	992	9247	5133	1912	2406	112	627	2922	2851	5390	11213	55	269	9115	2047	46	37403	35	1082	136	4165	58138	28928	1585	7671	4086	5197	1344	1708	104	4	2800	3294	1033	102
DRR846324	36460	34021	0.8581102503224932	1.2516856761823048	30434	24203	61280	16083	58453	51027	32662	76446	62273	36480	2731	43063	28281	71400	2296	94157	350	44872	286656	948	405	103566	5988	2780	9985	3203	300541	196387	21716	52021	11232	10460	23724	14688	52	6536	36565	10810	3676	4907
ERR2564001	19084	19824	0.686030364747269	1.032911322013791	3997	12120	21451	6801	7435	11614	24100	37681	871	12772	318	3421	9564	19326	1204	53619	16	8592	36720	440	2747	67551	232	13957	808	3309	35319	62066	21439	11562	3582	3583	5893	771	658	322	352	1861	10250	1793
SRR24742803	9292	8119	0.6532614907339375	0.6296281188388062	2535	5659	8575	2980	3188	10082	9474	8516	2396	4482	193	786	432	7805	2525	7589	983	4363	19546	810	33	12747	559	91	1328	743	36001	38090	4435	13464	931	7609	6036	461	119	196	1324	1137	978	1400
SRR27973894	2271	1977	0.7709016857110533	0.970654473486658	3445	5105	1833	1258	1607	268	2397	1899	12	628	21	127	895	491	3348	6312	27	310	2925	6206	116	24371	110	425	103	1857	21755	8185	950	1399	2121	633	1049	647	81	14	329	714	182	66
SRR30952027	11044	10295	0.6242722932388727	0.6570560798351232	4968	7211	8497	1864	10473	5385	4679	11096	1355	5145	273	1491	914	17730	1967	26153	928	2295	12524	40	78	18137	83	247	895	3116	76553	29876	4148	7700	1805	8307	2382	751	26	176	894	429	1173	2085
SRR17205151	5310	4612	0.8802241541845606	1.256708492683081	9543	1569	4519	2733	5592	826	12341	7530	118	4713	189	175	2798	1442	5665	14268	117	472	9954	5397	94	50702	12	1387	185	5505	67123	29376	2779	9081	3992	3480	916	3503	245	0	1631	2474	1145	130
ERR3589586	62816	31891	0.6379256662476792	0.6446222965831724	16391	38540	24217	2441	55077	67180	1928	36539	37007	21250	506	6781	329	84415	1653	66134	11905	33364	64339	46	256	35588	9394	1	12998	18	342695	77431	11596	39281	4339	11567	87	255	1	61	98	219	359	9568
SRR18243867	490	311	0.6713843432109686	0.8085908063300679	527	837	282	117	676	303	787	324	180	87	3	30	240	91	594	525	0	41	542	365	0	2020	216	6	30	189	3197	2032	50	556	396	241	10	117	9	26	175	167	169	116
DRR437145	201	175	0.6819367932734126	0.8239719157472417	180	84	155	85	104	93	295	189	22	116	3	15	72	130	179	495	4	24	383	90	9	1122	22	18	14	78	1440	817	140	327	62	93	35	72	4	2	28	32	15	7
SRR18243859	1838	1779	0.6108180900011222	0.5882555181186825	1182	1010	1241	205	2851	2431	981	1594	1118	859	72	237	37	4083	509	4545	455	784	3665	31	115	1851	92	3	409	58	15721	4542	1162	1395	392	968	78	42	1	5	36	73	155	235
SRR30951347	7743	8596	0.7319236601905634	0.8293300667119138	5212	3705	4106	1825	2410	512	8036	3732	279	1682	48	157	633	2071	9296	20729	49	312	6447	645	25	25098	68	78	363	4520	65410	19078	2527	8260	586	3940	503	1327	32	26	1004	190	264	419
SRR27973617	2181	1644	0.8129463160547761	0.9660789119949396	4275	3715	1984	1384	3455	313	5456	2831	156	995	32	335	1006	368	4041	5014	39	567	4735	5856	7	22717	98	358	73	1439	23425	12860	917	2227	3317	1527	1386	1187	100	0	898	966	217	118
SRR28062209	2903	2888	0.781716100493393	1.0586044586975638	3476	3086	2996	1654	2366	927	5819	5102	332	1151	14	882	927	3102	3582	8212	396	892	7621	3526	109	18726	7	266	255	2170	24639	14111	1658	4247	851	1932	975	1251	187	17	602	1674	445	272
ERR9973197	30717	31604	0.7111698237833503	0.9863449888987363	12101	63617	34928	3558	38054	1969	44864	63891	565	4240	143	8681	964	26611	14913	38681	81	1403	66139	45302	3955	44421	75	19	1682	6047	159198	180193	59803	13311	63818	5985	796	7731	55	481	888	273	698	26354
ERR1713364	5042	4876	0.6965694393756492	0.5887433889928174	2427	4579	5454	3057	4326	6872	11087	4090	3687	1967	78	1202	943	7650	7026	5997	192	4639	8044	1510	11	14805	2614	6	689	92	32210	19883	1219	7863	2509	3388	472	469	300	441	1007	271	1819	125
ERR13301389	20097	17607	0.7459081659736353	0.9726644904847557	14718	25678	46731	6537	17566	33895	10763	31328	19846	13246	1755	4555	4196	32120	1180	43658	5740	22176	98369	17	1194	64345	1260	1342	8656	569	181743	138214	21543	35259	18287	18456	1229	942	212	773	275	19649	12432	9157
ERR599055	6876	6932	0.5651038652003344	0.6200594068892828	5032	2714	4926	151	12853	7290	3353	7698	3703	3156	128	607	166	13324	139	20903	448	3244	18678	3	2	12075	45	17	775	22	40997	17118	5342	6031	1324	2673	22	2	3	21	312	170	195	1023
SRR3098775	6028	5804	0.6994975249371906	0.7053144298512656	3142	4670	5726	2266	4883	4730	7996	5016	3488	2442	149	649	382	7357	6303	10410	753	2108	11744	1081	10	8856	850	14	1481	381	58980	20072	1312	9233	924	4005	139	1154	6	16	527	356	1004	1396
SRR27067755	6082	5627	0.9306049519271675	1.3190681185110154	9454	4983	4297	2987	8031	1608	15810	8768	1887	4216	300	1070	4614	5932	5586	17558	219	1777	14190	5503	113	53993	22	2250	173	6850	81317	45024	3573	9821	5209	7987	3853	2614	149	2	4349	4853	1644	970
SRR29699997	16806	15223	0.666366143619964	0.6889357949370383	4691	18797	33998	5613	18841	21639	16991	36762	36311	11611	1701	14838	9535	46921	469	29058	1242	14386	99616	520	124	30483	442	1489	5986	129	78086	83253	11915	24642	3151	2610	8983	2092	579	2754	4079	4056	10764	7628
SRR10312490	19815	18413	0.787540496481707	1.0167380510177009	2436	30240	16701	2266	2686	15791	5997	24707	840	10349	54	4329	3341	42804	1194	34098	612	6371	61862	3	2675	45781	36	3608	2081	426	56306	83201	15416	26923	7529	14243	5976	507	738	278	9	539	6164	4879
SRR11582169	1996	1681	0.6476928523661539	0.7419627154414351	810	2058	998	657	834	155	1130	729	109	148	2	69	399	304	2531	2905	11	176	1626	2812	55	7625	86	49	79	536	8716	3369	366	1174	719	217	362	287	5	28	70	42	94	5
ERR2681676	13240	12892	0.6943288500593938	0.7876008804108584	10626	4208	6580	2714	4808	1107	10987	4872	128	3353	93	102	196	1617	11380	26840	49	291	9712	405	14	39957	407	14	860	4983	96458	17639	2465	6088	764	3723	550	2059	22	10	702	61	1133	62
SRR7741201	240	214	0.784971098265896	0.862569355527102	234	210	390	141	901	378	534	112	416	107	34	139	59	279	422	124	40	278	476	341	0	1282	118	0	52	2	4731	1215	2	574	289	158	12	45	0	0	34	25	55	21
SRR14802574	10004	9544	0.7102739982757974	1.0633762664288533	1692	11760	12286	2569	3964	2110	17902	14188	120	6210	6	2152	5228	15451	776	35455	101	1651	45333	2115	700	40394	78	6817	959	4325	26300	31934	5858	3680	5348	1801	5318	145	635	569	20	1276	6948	336
SRR23190779	1214	1177	1.1425953079178885	1.1736924960643693	60	592	2333	196	840	1045	928	3323	2410	937	98	692	114	6962	53	939	6	1193	3280	365	18	9380	59	56	35	17	4876	6244	1281	1996	371	304	602	22	2	5	102	169	145	1245
SRR28023011	2477	2185	0.7792856894935962	0.9569796954314721	4127	1944	1763	1484	2398	490	5415	2785	126	1375	49	267	729	1101	4678	6965	89	457	5618	4773	28	20129	20	295	182	1716	28507	12210	818	3721	1312	1849	1014	1374	78	4	698	1088	189	65
SRR22572385	689	643	0.7622950819672131	0.9424379232505643	902	1404	489	404	461	29	357	424	7	77	4	4	274	112	826	1542	15	46	828	1225	38	7134	15	50	16	447	6027	2256	345	475	564	153	173	332	17	2	63	49	59	24
SRR30756407	4116	3614	0.7557598113321642	0.9385075497848129	3142	5322	7962	2255	2321	4527	6766	8271	1528	2790	257	1609	2388	7889	3717	10859	662	1986	19992	558	60	16763	105	421	979	1304	35079	29049	2639	8886	3086	4040	1485	1283	335	54	1397	2181	2131	1532
SRR17201898	33263	31193	0.7713565841392266	0.9139892728391805	23969	75604	22340	17882	13546	2985	20595	18355	644	3994	164	1138	13023	9092	37385	68592	564	3244	54953	52257	450	236183	1230	1327	1423	22210	270996	105055	13653	32587	14581	11074	9373	10873	643	69	3277	2205	4353	2367
ERR10114619	5290	5205	0.6029965923228098	0.747821681864235	3892	3004	5627	468	6970	7217	3142	6911	6257	2518	331	968	914	10158	689	13826	808	3541	15459	268	50	11643	199	301	757	132	30257	20019	3900	6732	2107	2840	138	75	26	116	1026	912	502	1645
SRR29704029	8684	7686	0.7705427553788091	1.1503804603100047	9093	7033	13955	419	10024	12350	4057	13190	5254	4544	1136	1988	3081	14425	204	22559	1266	7336	35990	4	1350	22868	88	1721	1510	184	71459	48698	8242	14627	7017	6200	247	417	174	180	50	5880	2429	3235
ERR3589557	55290	44483	0.543752626293272	0.4726798679678035	17124	16760	25873	3322	79021	66248	5869	39871	34635	26655	460	3097	1430	133858	3813	136076	18099	24496	79845	16	44	35140	2231	11	12646	113	392402	79953	11774	17207	11311	33709	209	194	0	350	412	502	937	3348
SRR13516738	1264	1297	0.659812321501428	0.8153627311522048	1198	582	682	253	386	189	1137	517	84	300	15	46	27	608	1368	3651	2	98	1225	183	8	4215	2	0	37	805	6335	2785	395	671	163	650	103	307	2	24	269	26	63	112
SRR11922358	6379	5539	0.7780406453614644	1.0508130081300813	3675	7797	16703	997	7620	9110	2941	11515	5990	3808	620	3524	2082	11329	118	16612	996	5992	37612	10	1238	21861	110	1511	2327	322	43486	46771	8092	14024	5291	4704	1239	433	388	822	173	4988	4436	2181
SRR16971104	54325	44953	0.85774173730544	1.2998036530433779	87012	15783	42568	26851	52570	14268	112652	85399	3138	45034	1196	2851	33471	28442	59285	148080	10112	6615	128432	32034	1576	447530	625	5746	3332	29769	589166	267608	29954	114201	16978	27852	19655	34411	3501	6	6845	5668	7207	1330
SRR29090693	13237	11392	0.5734477245776342	0.5473822879483257	7509	4492	7397	1630	18086	18944	889	11297	7937	7771	65	920	660	24370	389	26177	3574	6555	24238	4	20	10447	979	1	4585	4	93703	16102	3718	2556	1751	5332	429	45	0	186	67	336	271	1411
SRR22573060	3124	2645	0.8925928191326686	1.2321376832589674	7209	4105	2899	1713	4373	209	4796	5173	39	1253	59	98	2220	339	4309	7033	4	215	5116	5235	109	41567	92	913	99	3274	45053	18263	1294	2368	4134	2286	3072	1838	230	0	1455	1169	193	224
SRR2053308	761	892	0.7134861407249466	0.9331781140861467	423	583	424	105	412	597	257	525	171	224	6	89	65	809	162	3237	48	257	977	5	0	1337	23	0	105	648	4595	1961	230	853	63	590	20	19	0	12	67	3	48	56
SRR23617204	39646	38013	0.6841567393123232	0.8586728556067752	33964	5455	17324	19042	25623	1934	63432	23106	4989	16244	440	1721	9519	6983	58184	81701	71	1296	37830	6535	947	185857	61	510	2803	10173	351078	150336	5594	64651	10864	26017	1102	16023	77	4	6748	13637	5553	66
SRR22808084	13082	12095	0.8575508089909082	1.226134433075257	12142	21135	30159	5048	17481	19772	19804	28258	13203	13154	2003	4616	7147	29298	5522	30836	1578	10995	63000	599	375	51628	487	2031	3530	1316	145896	94761	11570	24904	9662	12799	3242	2960	309	176	3348	8209	7042	10540
SRR16945695	4337	3809	0.8183968516139557	1.0454545454545454	4242	1808	3636	2585	2766	1405	7369	5005	884	2780	49	620	2005	2974	6008	11629	264	599	11052	3160	95	30429	29	494	324	3003	43132	23171	2000	8537	1870	3128	840	2046	183	4	1225	1819	1406	113
SRR13516744	1788	1688	0.6980064146909	0.8888286921659985	1540	1321	1427	439	809	181	2202	585	175	503	9	37	51	664	1793	4490	8	184	2279	186	7	6266	7	1	61	1747	10200	4890	756	1370	190	584	145	765	11	27	581	36	19	406
SRR30951354	7128	8009	0.7468279081424857	0.8504703446772963	5187	3209	3461	1382	2290	477	6026	3260	239	1505	46	171	574	1814	6881	19508	37	285	5391	485	24	23837	83	69	265	4542	59428	17140	2118	7310	568	3995	351	1044	20	33	876	184	276	365
SRR29090703	10553	9661	0.6239842072983748	0.6480373508559572	6051	4616	7296	1683	12587	17302	2047	10557	9957	6319	84	888	676	18750	396	21195	2432	6028	25394	26	9	9003	394	10	3535	58	93141	17032	2850	4034	2183	5519	715	104	0	102	141	373	185	826
SRR27205368	15260	15659	0.5746618261984352	0.6711289511933385	2805	6565	15471	2307	2001	6250	18540	23155	1559	5733	148	3221	4549	18895	2102	33529	353	3125	29966	1822	1226	30839	230	4080	1271	1275	31316	54561	10518	17942	3028	4092	5723	1573	580	450	638	648	8370	999
SRR29699996	8102	7726	0.7130428350853836	0.807379478398314	4046	6528	11942	4519	7015	7318	11805	12896	7344	5298	628	3751	3217	14741	6325	17109	395	4261	33207	525	32	28226	153	222	1931	637	65985	45895	3767	15561	2902	6111	2209	3603	200	397	2043	4585	2389	2128
ERR13301386	22159	19079	0.7073129473457923	0.8926503988915812	14317	24726	36233	3825	17766	32204	6347	30713	19482	12096	1701	5144	4582	29792	849	39267	6091	22538	87768	98	498	57044	1560	1022	7411	305	177270	120983	18852	33454	15775	15298	1346	886	143	708	195	16116	9287	8923
SRR29699974	16478	14665	0.7507984390225708	0.8738496964976592	4397	18236	31376	4317	27600	27308	12831	44896	57557	11423	2687	14569	6425	39522	95	25625	197	15576	86909	197	81	39179	169	1136	3862	66	102598	77736	9193	27782	5752	1559	4276	2256	147	943	2635	4583	9494	9116
ERR14693534	7550	10197	1.5974041159962582	1.8906682195370506	73	137	15457	32	745	273	445	19459	12735	11107	16	6805	144	23529	10	324	0	3551	14107	11	2	69779	3	41	4	1	32401	20996	1933	6140	319	7	380	6	2	9	24	13	107	12056
SRR28144577	17096	15916	0.6325915178133762	0.6437527701128062	8980	8364	18473	2700	19427	30081	4519	21573	25297	10028	1445	3016	315	35044	285	32954	9544	14645	52234	428	475	27304	1691	12	7181	97	148991	53680	9593	18308	4285	8806	861	162	1	54	3442	487	2568	5113
SRR28304479	9075	9517	1.476700449273848	1.8568207037262412	1646	1166	15571	410	4111	2829	2885	34847	24917	10075	19	6901	1460	26379	101	3741	1	4948	22897	26	13	87908	2	1082	6	5	32881	30164	2711	2891	9509	491	1037	38	0	313	20	466	761	11927
ERR599000	43551	43705	0.5780491587515824	0.6826424971372039	33969	21110	32718	2009	80594	46094	21968	52174	29784	18145	2293	7008	4324	88229	1945	127794	5144	17903	112429	822	44	83811	1405	753	4349	188	258271	143919	36096	52491	13779	20330	1361	322	302	650	4423	3230	3112	7823
SRR27942845	3234	3149	0.8148400629260619	1.049673075046355	5947	6066	4281	2033	7191	1349	7076	4353	2691	1528	112	755	2292	2097	4733	7171	378	625	8874	4666	1	34809	371	216	140	2605	55207	28650	855	5152	7317	4694	2139	1709	76	4	2755	2896	479	574
SRR25522545	39755	48663	0.6308768990519787	1.1442888891096914	3615	62034	45719	565	4538	174	1288	51831	1320	63	5	35	10781	149	4034	30416	9	384	81019	4020	470	612240	167	16609	48	1188	105415	129663	81209	46013	993	78	98	42	52	19	92	36	968	63
SRR12825409	19819	19022	0.6615521490489376	0.6915630853056359	12953	15265	27064	4490	20828	15826	16757	19737	10545	10953	869	3160	2039	28362	6792	27611	2714	8055	42628	578	158	29274	1688	463	5687	2260	161501	59082	7399	19412	4841	13578	1700	776	148	271	372	1868	4254	4463
SRR7151735	2310	2159	0.6922223279114746	0.7968275396557543	1096	2566	1369	1159	284	31	1188	2195	3	156	4	39	653	306	672	5768	0	52	2408	6027	171	16412	3	92	64	2095	9370	4578	664	670	763	128	1713	305	60	8	78	181	6	2
SRR22808086	13816	12245	0.7976184594100499	1.07443503474939	9744	30991	38242	4406	15145	20640	23494	30636	12462	14122	1696	7494	6953	40091	8545	33913	1120	11102	79652	448	410	59937	394	2765	4556	1516	117451	104990	12326	28139	12761	14648	3724	955	299	828	2565	9436	9362	9947
SRR27973732	177	174	0.7389277389277389	1.065687121866897	172	157	208	89	92	47	329	234	7	78	0	31	68	177	204	557	6	44	517	379	21	1160	6	30	16	124	1145	771	116	257	58	66	64	57	14	3	51	68	12	5
ERR2004617	3436	3037	0.9060669276712485	1.3619349722442506	3039	2986	3197	1443	3800	3291	4614	6674	1219	2761	303	1103	2651	6609	1499	10535	267	2182	15358	275	28	16126	70	941	335	1314	37158	25914	2882	7992	1531	4155	1373	1389	235	7	1713	1527	1814	1296
ERR1725955	626	536	0.7125808055693684	0.7406505864129233	289	476	477	410	616	821	1146	477	409	288	15	185	80	1103	542	772	17	549	1197	225	9	1616	282	20	74	55	3086	2336	207	811	398	249	51	78	39	60	207	39	154	43
SRR24742824	9757	8741	0.6500490646803841	0.6392480194059508	4000	2641	2568	4227	1189	1558	9746	3293	244	1539	67	205	1004	1817	5744	10161	36	483	4108	2377	76	16250	455	256	207	2014	26081	17995	1731	8610	2148	2466	385	1262	29	25	626	313	305	95
SRR28304476	14165	18392	1.5479963182533478	1.632352407561958	554	15855	31462	903	1220	135	8037	51390	11884	13085	2	8404	244	50335	90	330	2	9442	37836	58	9	180687	2	206	3	32	44271	56052	6955	18193	8714	54	8612	123	8	0	17	73	26	13277
SRR11922359	8949	7772	0.8084156867947053	1.1031609246459728	4937	11651	28665	2158	9128	14294	5719	17409	7730	6239	625	6219	2558	15438	92	22002	1896	9841	60423	0	897	28282	182	1751	3524	604	61155	71085	9736	22534	7406	7653	2189	342	680	1181	234	8655	6995	3480
SRR7042353	12390	10969	0.8664790954200046	1.1964333047064686	18086	9237	8959	6169	12980	353	11680	14557	28	5638	181	446	6673	654	8808	23027	11	425	12138	6534	234	121856	80	3854	320	9774	124658	41912	3520	8518	11007	3065	4424	6446	456	8	1875	984	1541	68
SRR25522554	30511	41609	0.7862883601930003	1.3972621361862945	1587	60299	28646	85	978	5	275	44894	265	8	1	4	25991	6	699	83873	0	60	96169	5055	1122	362417	1	708	19	252	75255	66860	61037	4802	764	5	28	18	0	0	7	7	192	0
SRR31951251	4351	4803	0.719050963081862	0.9435029913648286	2370	7141	3738	358	3322	5916	325	6513	5620	2867	127	567	536	9301	21	7962	475	1858	9181	1	0	2842	8	5	1054	38	42982	12738	3229	1244	1756	2090	1577	44	0	324	244	77	330	1823
ERR2592249	3994	3823	0.7861313721132281	0.8597161572052402	2773	4439	3763	2455	3831	7358	7848	4487	2880	1720	47	1194	971	8400	4067	5331	1100	4575	14439	2597	47	11375	1716	49	703	817	28272	17413	1438	6532	1519	2368	555	799	406	265	1967	535	805	224
SRR28562160	11958	13976	0.7150718700090272	0.7048272249277274	3973	8882	8320	6303	2854	2081	25948	9973	1415	2596	50	488	371	4842	26925	14145	80	963	9871	1029	50	34873	374	20	639	2548	103900	44877	3141	27990	1839	5323	1168	2718	55	70	1289	217	474	593
SRR25645258	28	36	0.5683453237410072	0.7758620689655172	1	68	33	13	0	0	3	41	0	0	0	2	3	1	1	94	0	0	58	5	0	363	0	4	0	0	105	221	163	52	1	1	2	0	0	0	0	0	0	2
DRR437140	289	232	0.6931751895780672	0.8682454969979987	146	141	204	96	112	64	427	278	32	125	5	44	42	133	206	641	6	18	440	73	20	941	12	18	20	93	1586	914	167	362	109	65	32	103	2	1	21	11	19	22
SRR22572387	512	534	0.8021276595744681	1.0163122633265365	386	1191	249	317	186	10	102	80	0	6	3	2	106	26	229	698	0	7	734	870	0	4803	5	5	3	418	4552	1270	95	163	143	246	319	116	2	4	25	12	18	127
SRR25522536	40966	52793	0.72645446890731	0.9918775028624901	6135	10841	40179	8741	283	11050	18601	47634	61	24809	0	2440	22441	15562	17489	70380	0	869	77951	893	385	103110	151	9988	1953	1650	99435	104437	28136	63866	125	49	11660	46	474	2	6	31	42	0
SRR11582142	2407	1924	0.8545665602586957	1.2006472491909386	2914	1417	1904	1154	1657	95	2325	1889	43	1539	13	20	898	367	1839	5335	13	129	3387	2416	3	19258	86	257	118	2075	24376	8015	1269	2541	983	424	663	1270	127	0	370	67	272	29
SRR25522550	5197	6465	0.9227079643243413	1.4584981395212564	572	9872	5583	28	170	28	46	7520	68	12	4	4	7142	25	85	15182	6	19	20537	208	44	57591	16	33	3	34	7170	10282	9913	223	64	16	3	9	0	1	19	13	17	4
SRR29699990	10698	9498	0.7406351613420626	0.8447077947615427	3474	11588	22691	4887	11974	16214	12118	27944	18094	8312	1318	8484	5139	29416	1466	22917	669	9971	59174	850	27	26317	339	433	3285	276	84150	64398	7643	20411	3618	3929	4250	2607	161	1022	3558	5917	4482	6800
SRR28305192	14006	16353	1.6031175654242664	1.89973024653418	524	659	35699	68	3711	2626	2446	39687	18944	21446	15	12084	1581	48388	31	3247	22	9589	25039	50	0	132732	5	387	31	3	70974	46783	3242	9665	4364	754	657	6	1	1	38	11	63	27981
SRR29699983	15335	13999	0.6679232725630482	0.784911744313293	7764	10031	12827	8411	4769	8456	27182	19209	2425	5791	145	4667	4177	26193	11629	31691	1221	5075	43223	7753	525	45862	241	1020	2730	4974	60701	60286	7035	20469	2587	6930	5706	4247	1283	762	3029	4323	2937	978
SRR22573015	4129	3881	0.8024319793160564	1.001074591469967	5482	3892	3641	2550	5137	459	7124	4491	556	2967	75	455	2277	895	5910	9609	48	293	6972	2730	32	32464	142	445	179	3211	50682	23160	1354	7962	4469	2676	815	2403	67	0	1483	1315	542	74
SRR18243822	1750	1340	0.5734681246131628	0.5269276044732195	1073	1031	1116	128	2909	2554	723	1358	1068	901	45	174	38	3863	357	4256	365	939	3451	26	23	1487	148	4	492	36	15411	3596	875	884	428	955	49	22	0	1	27	55	103	197
SRR30952021	13348	13626	0.707786667257657	0.8046458967002811	9376	6682	6804	2133	3525	1218	10256	5143	370	3528	465	178	920	4351	12098	30444	162	459	11032	359	32	38672	29	80	509	7705	93878	27823	5398	8649	751	6580	782	1646	37	24	2417	145	476	918
SRR28061621	2973	2392	0.8254355174206969	1.084571154767609	5294	8757	2162	1471	1788	119	1624	1035	6	226	7	61	1577	302	4239	7503	1	66	3347	10650	102	46370	86	594	100	3254	34338	9329	696	1790	1784	609	2599	968	24	0	75	650	46	88
SRR28562163	11631	10817	0.7687345059180957	1.0097151325539273	4681	16008	14103	3046	2149	796	15764	11745	485	4276	40	1544	476	10165	11737	8717	29	411	14577	1881	46	42462	131	26	424	8147	54803	43649	13224	14177	1452	2682	659	1755	54	123	7190	181	331	1821
SRR30952016	12454	11911	0.6720116110304789	0.7624144228709022	5701	11784	9816	2328	8433	6838	5422	13425	1409	5680	329	2279	1214	17523	2804	25634	656	2458	15762	31	20	21717	75	114	1129	3292	75924	36478	6389	9809	1942	7389	2257	1166	44	164	3342	297	1318	2361
DRR846319	36982	33650	0.7413552134310942	0.9658294986969553	21914	23806	43144	18860	11921	31653	61384	70490	2385	20206	220	29459	12060	81135	11969	105508	950	18503	194689	3715	2244	123839	753	3638	7310	11950	161505	197700	24130	83051	5089	9947	14351	11198	3901	2649	20412	16040	4908	2024
ERR3589581	37150	29863	0.5696050477176624	0.5275293776557672	17000	21832	20049	3435	49172	51527	3282	30193	28864	18655	453	3541	1407	84969	1191	74935	9403	22865	68102	86	3	24736	7378	2	11379	87	242405	63209	10603	15260	10286	18250	273	25	0	133	95	494	948	6842
SRR28149508	15891	17691	1.3783687057282346	1.858655983316412	1520	6940	62117	3483	10120	14223	20037	86323	35486	20831	917	11221	5340	60040	2916	14568	120	22660	111708	66	31	195407	71	2576	665	56	125586	99433	10746	33129	7015	7391	1756	2176	15	9	1190	2864	3475	29667
ERR2004601	4007	3827	1.0535261666915163	1.4642497964656864	1706	3809	6097	1062	6206	4773	4584	10861	8773	3387	614	1863	1851	10240	531	7865	106	4288	20849	126	47	18948	88	429	382	374	33738	26628	3094	9705	1331	2125	1077	1185	127	11	1711	1893	1347	3022
SRR28060635	1571	1325	0.7819967658860874	0.9731951796373466	867	1367	4244	969	2036	4512	2841	3416	3589	1697	176	555	171	3506	111	3886	864	2712	10121	0	11	4890	271	12	727	13	17106	12307	1633	3727	1978	1735	61	105	3	22	79	745	615	1604
ERR1726000	751	770	0.6868423419372246	0.6599597585513078	559	720	560	482	525	1223	1263	693	334	356	11	145	92	1475	580	892	35	823	1800	348	9	1871	407	14	91	102	3027	2631	278	807	274	309	123	97	113	104	251	52	178	45
DRR846335	39734	35578	0.7867540932880864	0.9669492166805419	19370	43980	69284	11855	108812	57244	26167	106112	148020	35784	9353	37910	28925	90449	1055	75432	201	32724	205287	631	281	109840	988	1601	8145	1136	255733	252671	17904	97453	11092	3946	16241	17552	190	2484	22616	20453	31969	10771
SRR22808034	14236	12531	0.8608650005121377	1.2296380090497738	12294	24582	32080	5257	17143	19346	21488	30065	11931	12849	2247	4880	7710	32824	6844	33762	1322	10690	65093	1470	354	60403	619	2608	3392	1870	144788	101362	12265	26341	11028	14173	3914	3144	454	247	3258	8728	7465	10345
SRR28061558	2183	2013	0.829838056680162	1.111545843791525	4220	4929	1656	1233	2081	358	3843	3383	24	1103	25	154	1490	450	3015	5700	14	286	3514	6787	71	20885	149	922	120	1845	24592	12616	1077	2082	2593	1191	1775	883	141	8	944	1638	194	90
SRR29090699	12607	11879	0.6557949205051883	0.7074733794592473	8460	7165	9573	2645	12109	20093	3453	13628	13004	7801	131	1059	1011	21706	1080	24718	2823	8074	33432	21	46	13832	664	1	4559	513	118044	25730	3407	6986	3274	7896	806	320	1	234	279	444	551	1532
ERR1713343	2052	1876	0.7257886609309508	0.6461823762629493	1343	2026	2163	1418	1936	2926	4772	2101	1416	954	31	850	346	3703	2973	3354	52	1861	4970	1297	10	6287	701	10	282	187	17600	10743	533	4544	1001	1499	348	483	159	165	548	265	1038	160
SRR25694567	3885	2299	0.6568539271215694	0.8812949640287769	1727	3001	1558	729	1011	764	2202	2715	166	789	21	301	691	1317	1757	3379	66	285	4141	761	37	9275	41	214	103	933	12611	8512	939	2427	1403	763	667	489	64	118	747	359	194	342
SRR5145178	1365	1259	0.6861510154978416	0.7653900884736744	694	1111	2085	533	698	3408	320	2060	2252	859	5	175	243	2600	39	2681	391	1483	3837	1	0	1953	62	0	697	73	12540	3639	753	1047	321	233	173	0	0	1	135	209	33	734
SRR28002647	2179	1472	0.8616067169163247	1.0970532576371992	4723	5738	2122	1436	2385	156	3164	2185	9	347	44	163	1068	287	3886	5279	9	225	3063	6411	136	41548	73	697	90	2662	27568	10655	828	986	3315	799	1414	1317	355	1	348	983	94	215
SRR27973146	1713	1239	0.7605491406374714	0.9760567543600355	4331	3981	1913	1271	1872	187	2721	2415	23	513	31	137	824	174	4344	3672	1	419	3422	4997	71	21908	103	232	76	1204	19606	9241	600	1305	2993	699	1491	1170	52	0	320	432	56	123
SRR30689433	869	887	0.7303786574870912	0.9038101186758276	1015	463	803	593	852	1249	1892	564	611	464	5	295	305	914	1235	1810	31	878	2060	1034	0	4542	486	9	41	135	11070	5463	205	2409	583	595	74	479	1	3	535	243	285	51
DRR846315	40373	36992	0.681212089954448	0.8660510188577313	27259	17094	28427	20409	10459	15413	75838	43190	876	11378	70	9174	8223	57589	27705	107897	443	9689	98974	15109	4847	151145	543	2319	4210	19500	127257	139606	24696	56001	3635	11456	9563	8789	3983	1678	8968	8220	2017	600
ERR10123308	7886	7077	0.5264726470525847	0.548202396804261	2684	4491	4320	478	7316	6469	586	6747	6210	4050	113	567	198	18115	133	17108	1629	1904	12887	27	0	4726	37	1	1121	82	42136	14653	3990	1444	973	4117	599	24	0	42	406	129	133	2796
SRR27205373	23002	19873	0.6068054191075696	0.5995534756353009	3447	6659	26026	2749	1472	6934	39910	43643	643	4221	27	1657	1562	15746	2061	16865	370	5514	53603	2297	464	17706	173	622	1288	872	45275	114870	6068	49364	2677	29410	22526	875	168	371	437	284	2172	518
SRR25522559	39402	39517	0.6624381492153152	0.6967678636503798	1378	4442	19468	10223	338	1886	20419	37913	40	19974	5	9812	2517	29762	23407	62170	0	5884	80813	493	1119	51807	86	3850	2837	2329	47205	73426	20981	36662	126	1094	10904	55	3191	76	137	31	86	83
SRR10907122	2636	3681	0.814342743085258	1.0832421162366432	7987	4574	5125	2274	15386	1258	11589	7935	3052	620	560	752	2210	2723	4382	4661	1	2046	9249	6491	18	45370	1399	378	118	3956	91305	29980	2307	5959	6384	5613	704	2521	72	1	3222	2204	158	835
ERR599131	7639	7226	0.5697255071109354	0.6513884541430041	4625	3382	5211	83	17254	7690	2649	7702	3925	3390	177	917	246	16672	90	22536	632	3308	17533	22	95	12332	55	67	797	14	50995	19544	5499	6606	1875	3624	30	15	17	78	329	285	274	912
ERR14693524	4779	6012	1.776129415103589	2.1688437074057245	90	44	17452	2	1112	56	594	20998	6839	7894	0	4465	54	30488	0	87	0	11713	3357	50	1	43700	0	24	0	0	33010	18974	2400	3952	214	2	25	1	7	6	2	27	79	12259
SRR11457943	7748	7266	0.7518613907749941	1.2092925280611477	214	22733	8840	3266	10	3	22524	6753	2	0	0	747	461	1869	272	11293	0	2	14196	8112	1004	72406	1	101	0	4946	8954	19148	8186	5673	5076	29	151	0	0	0	0	1	0	32
SRR23862437	8512	7762	0.8268532814661828	1.1163856000295536	5328	9241	18014	1525	10829	13708	8521	22858	17051	7113	2232	5946	3618	22685	545	19187	1007	8007	35016	94	12	19057	939	602	2555	33	65662	48880	4629	20000	4817	4006	1036	876	79	147	615	1685	4599	6391
SRR28144595	11742	11054	0.6349744230451899	0.6603658215170524	6300	7010	13740	3508	15421	19845	5669	16194	15530	5969	406	918	3205	25498	3999	29910	2489	6877	31736	1213	32	23116	1035	32	2807	290	112495	49206	4553	12509	5075	10688	1465	1042	2	39	3817	4317	175	5524
SRR25242037	11579	10359	0.6557861528791762	0.6994250089513259	1034	5672	11407	891	12055	7455	3654	16376	11045	8470	150	6668	5947	16869	70	26276	6	9038	48361	3	320	9978	1740	1407	2220	62	15992	28839	5445	6653	861	97	3636	1125	148	3640	3426	86	3609	113
SRR13516752	2405	2282	0.6918293208546272	0.8146111547525531	1509	1769	1764	649	448	959	3899	1262	44	613	43	184	111	1355	3155	5596	24	219	4715	994	10	6041	14	0	155	867	13242	7707	792	3122	601	740	1147	569	11	98	238	184	63	142
SRR14844105	11600	9633	0.8089621399610342	1.131634789696314	9959	9789	23172	3560	12718	18888	4756	20498	8927	6631	1058	4911	3056	18351	433	27113	1863	11434	59860	264	942	41184	773	1484	4041	223	108021	74853	9619	23456	7630	10666	1308	1126	86	872	846	7516	5043	6685
SRR23617186	18834	18214	0.7288319453341875	0.8537756806030058	19491	3926	10282	10803	15546	3044	33622	14030	1131	10882	156	1549	3537	7176	34602	50023	381	1314	28463	7087	48	95483	50	225	2129	5509	203715	87775	5105	39862	7154	10754	1306	10252	131	3	3478	5806	3552	372
SRR24742789	9438	8101	0.6570897852907538	0.6225225225225225	3043	8840	9421	3364	4914	12024	10886	9866	4038	4818	298	1085	375	12362	2684	9514	1838	6194	23084	676	28	13541	1112	30	2504	396	51499	40051	3932	14735	712	8691	4627	522	133	106	2104	1073	958	2458
ERR6412194	321	26	0.482078853046595	1.251269035532995	33	1	15	0	9	13	94	22	7	9	0	1	3	46	5	9	0	92	10	9	9	179	2	139	0	20	76	9	0	0	0	3	0	3	1	0	2	0	0	0
SRR16971108	37898	31144	0.8634277616048542	1.331518208567389	61745	14081	31251	18436	34706	10937	72555	69947	1366	32733	835	3084	22875	19949	40339	103281	3063	6517	101597	24888	1228	293450	188	3929	2495	19768	389750	198048	24509	83313	13138	16304	18859	22143	1752	3	5410	4569	5585	2463
SRR13201268	22258	37644	0.8225806947385893	1.1764251445717708	5706	95973	18987	6289	11783	985	1456	9424	379	362	290	112	2330	788	5240	12325	1460	497	50581	75953	37	177887	286	271	2396	63248	163240	113190	12150	61230	1825	1443	531	3803	7	24	1124	138	30447	468
ERR599093	30081	26037	0.49893291819219343	0.45972782331269335	15638	10452	12920	916	28042	21820	330	21266	8111	16356	76	1965	2177	77903	47	75748	10150	4185	41330	8	1	8541	41	2	5447	19	165431	42611	10071	4445	1876	17207	1408	130	4	23	130	154	229	6934
ERR1713397	8767	8850	0.7347201247946364	0.7132855936890519	7183	10164	7304	5389	6983	9682	18187	7239	3593	3471	99	1347	1905	13739	11239	13438	224	5716	21414	6706	298	33658	2251	382	1119	1750	60473	36176	2178	13412	3830	5839	2048	1784	856	308	1740	1347	2571	263
SRR8893712	2372	2048	0.758802537668517	1.0546110252447192	3346	354	1276	1214	1619	578	3731	1710	108	1417	20	329	786	995	3242	7221	62	171	6585	2391	0	17714	96	94	220	1417	17734	9822	911	4221	631	1625	300	984	58	0	500	185	356	51
SRR27973522	2218	1892	0.7872954764196343	0.9810198086917226	3493	4277	1524	1081	1875	387	2542	1833	61	658	11	93	907	460	3031	6181	28	294	3104	5793	55	25240	158	291	94	1912	20360	8776	617	2016	1681	723	1401	855	123	1	452	757	117	33
SRR33648781	416	297	0.665028665028665	0.8976934523809523	259	378	275	73	156	105	461	569	21	115	8	42	20	256	401	597	7	22	585	249	14	1180	3	1	28	72	1849	1455	324	359	274	79	38	125	2	2	135	15	5	97
SRR22405866	12179	11672	0.8598390973974265	1.1515500221827861	20575	10017	7700	3840	19184	643	29846	21889	3067	2875	424	1003	7374	3616	24299	25315	2	253	14994	18216	144	117547	2	879	181	13393	134233	85344	2756	6562	32895	9397	3671	5644	43	32	13164	10382	143	655
DRR846330	38769	34053	0.760540059914325	0.9922547943691329	20574	20216	73689	10628	60819	62962	25564	68292	90873	34381	3901	42649	21062	65414	401	83585	83	38223	238952	152	1312	65456	5357	1452	9762	1172	197343	168320	19004	44303	11463	2734	22879	9368	1351	4988	28795	7041	11628	4766
SRR12825413	27571	28562	0.6941209014444896	0.7200608735352305	18091	12997	15515	5983	4337	1809	33845	9343	258	4254	74	200	458	7639	32758	27800	47	194	18893	1402	49	68111	148	66	2359	12320	217425	54044	3056	24612	780	19353	2852	2310	17	22	342	257	280	163
SRR30952013	15193	13470	0.6373876825159116	0.7120154065142762	5031	14095	11748	2628	13496	11395	5696	17481	3082	7556	421	2559	1802	25406	1574	29207	1738	3608	19984	35	314	20166	145	128	1761	1488	85082	44584	7705	11374	3253	8001	3642	1499	50	265	3247	593	1484	3471
SRR5788396	5269	3185	0.6183612142248791	0.7443926205400909	1758	2587	2539	123	6016	3477	76	3901	1320	2341	4	198	318	8724	9	12659	873	747	8221	1	0	2008	8	0	662	9	30494	8769	2809	629	731	2443	270	18	0	52	18	13	93	1693
SRR15430507	22005	22193	1.525458421721401	1.9585959099609354	2777	4253	92198	3509	12709	7741	29213	136240	63221	37177	251	19556	3354	111573	361	10363	0	18988	96641	1	23	256067	8	2684	281	0	169841	106824	8651	25429	13277	1095	2434	3220	5	52	1096	2593	1188	47784
DRR846314	36819	33186	0.7662603987941842	1.0554590670334638	36799	23090	39449	17245	18592	17174	80003	68186	787	18270	67	23190	7820	72080	19754	103435	1048	11871	153727	12502	4874	151223	281	1834	4167	18683	158477	175655	24520	67155	10887	10294	9599	8259	5387	3398	19689	13122	1378	1967
SRR28003199	2015	1281	0.8924292227759516	1.063659441515329	3581	5675	1599	1496	1657	77	2970	1269	8	199	45	112	640	250	1939	3859	6	42	2143	5200	12	38275	46	228	29	2986	19962	6445	395	633	1724	489	996	1175	210	3	159	359	12	290
ERR2004608	3466	3491	1.0156149252894509	1.39657148812005	2171	2654	5087	1063	4160	3463	4026	9835	4810	3249	482	1926	2236	9073	871	7827	154	3651	15646	101	32	16026	63	485	298	612	35566	25928	2641	8389	1216	2412	1071	1374	70	5	2086	3225	1155	2284
SRR11582141	3722	4421	0.6287192482314433	1.5904512211949773	128	5640	6175	14	5	2	43	5649	10	12	0	5	3872	8	21	13556	0	4	14543	7	48	103268	1	55	2	8	21480	7893	7750	119	3	3	0	9	0	0	5	1	0	3
SRR29270190	20724	20526	0.7553963744047381	0.9595467987316065	13872	9967	9986	4015	6200	3311	14298	12492	1595	6375	54	854	1113	8736	14981	57590	203	1338	24314	1372	94	75527	177	462	611	13176	161241	55428	7307	17409	2877	13140	1736	6416	58	44	3643	362	575	1861
SRR28144522	13901	13077	0.6356541802388708	0.6313957177523774	7622	10652	15732	3545	15060	26946	5295	18504	15605	9092	621	1904	1465	30847	214	26629	6872	15475	39076	314	44	20066	2246	1	5682	19	121214	42440	5802	12624	4089	9581	1099	230	0	66	1476	917	1448	5108
SRR14844109	11578	9188	0.8119894598155468	1.1782445984270387	9650	8791	23230	3864	11416	19533	4962	19997	7947	6869	783	4281	2482	17799	147	24840	2031	11442	56828	39	573	41652	1638	1080	4097	219	104831	68666	7952	20237	6826	9968	875	941	31	618	877	7805	5303	7233
SRR12113396	2164	1940	0.72078549200558	0.8493351148437998	1166	1216	1196	1091	454	191	3452	2731	72	780	2	96	965	1057	2213	5550	92	236	3874	1514	340	9220	6	437	176	2121	11963	7437	1504	1947	647	814	603	465	262	345	392	219	153	86
SRR2396013	12116	9827	0.951482185906211	1.5865793159106554	16413	14616	11549	1978	23457	4928	22926	25428	9148	10683	274	4159	7449	20369	3172	19960	0	456	21027	8177	178	93393	0	5052	16	17015	109740	107468	10141	20163	20122	9872	6649	7860	244	1700	4894	21963	327	3533
SRR23617248	23497	22129	0.7019022302009252	0.8413670572484939	28132	5564	12407	13279	17992	1479	38840	13839	5243	11836	229	576	3768	3599	40745	53736	307	1956	29934	8487	141	120375	53	202	2126	5223	273559	96073	5366	41805	5593	16767	1538	13019	140	3	2886	5088	3763	105
SRR28023043	1543	1116	0.8678164791484201	1.153366424844088	4264	4964	1590	1156	1927	75	2232	1519	5	171	34	141	852	135	3572	3707	0	191	2367	4401	9	30289	34	228	35	2534	26348	8829	281	973	2466	896	1341	1508	18	1	355	646	47	297
SRR25522543	39344	46631	0.681950153010922	0.9677953961741674	5525	16690	23701	10564	373	3868	14133	27160	17	18523	1	11692	5569	36852	8700	85416	0	720	90947	102	2611	111105	1312	3522	999	947	60022	69798	19197	35416	347	208	13440	13	1124	5	17	12	14	5
SRR28327192	5380	4971	0.7317681279867027	0.8885294779477948	4674	1977	2316	1050	2560	336	6125	2644	79	1617	42	20	321	1471	6883	16234	67	92	6883	453	5	24140	64	15	294	2413	44785	11053	1346	4026	323	1551	362	1639	52	1	365	388	945	55
SRR27973861	2734	2195	0.793419668682619	0.9993326862412036	3696	6747	3076	1514	2161	536	3841	2921	66	997	71	203	1471	1388	4559	7460	46	337	4706	6517	128	27141	165	980	169	2176	22474	13681	1744	1987	4022	1141	1152	807	185	65	660	1137	402	379
SRR22573064	4098	3762	0.8285224531256613	1.0909701639992095	6485	3648	3531	2389	4203	392	7917	5998	307	2850	88	255	2250	765	7293	10073	36	341	6734	2035	34	42357	24	616	103	3139	47144	24486	1579	7041	4974	2930	1146	2290	75	2	1930	1859	552	108
SRR2090165	10206	9701	0.5637810509408823	0.5499776108264093	889	1073	4188	1597	319	1431	8999	9803	86	2774	6	593	2897	5905	1314	18064	16	365	9440	922	561	9991	135	2103	293	1466	10174	20931	4924	10147	246	457	2803	510	69	274	430	153	837	81
SRR29699993	14098	12901	0.6994020617462768	0.7710791272221335	5017	12758	26019	6959	11501	17002	15828	29012	17880	8562	1871	8674	4269	30216	4047	21112	1221	9110	61375	794	47	29743	349	139	4004	375	106457	71722	6914	23249	6216	6167	4127	3783	228	897	4246	6304	3338	6253
SRR16945778	4095	4210	0.8814929300946135	1.1093602744373656	6591	2829	3501	2801	4541	1260	8208	4580	4022	1948	57	1231	3404	5882	3275	8620	40	375	11031	4633	200	40071	76	861	160	5290	54909	26816	1615	7063	3562	4284	1168	1305	237	14	2055	4755	589	169
SRR28200752	32808	31550	0.7190452573887899	0.7231535957045753	2988	1436	13823	2164	104	2246	30810	23201	4	10532	1	8037	99	31705	17006	23085	0	2874	53522	50	1434	39251	2	1586	1398	4672	72011	86367	32705	43584	49	5910	589	34	3430	2	48	14	2	0
SRR12113409	12206	11262	0.6860017016165357	0.8565756607292837	9588	3509	4683	3371	2901	382	8754	9518	56	3003	51	112	2242	2279	6235	30887	23	206	13597	3328	986	54658	178	764	643	5721	63943	24321	4442	8304	3313	1134	2999	2283	160	294	842	208	324	18
SRR20069373	18633	20315	1.0025744778787586	1.4062346047818204	16219	19036	8915	3026	48005	5177	3313	18170	12029	18733	4219	10972	9885	28193	820	50172	24	2963	36459	186	11	17391	72	17	386	549	139615	68550	1030	27529	4652	1158	20104	6908	8	611	3530	250	1743	1027
SRR23617289	32677	31878	0.7208024407034852	0.8195182555332525	27383	13699	20094	20036	25947	2427	65653	27383	3379	13930	117	731	8484	8322	70421	72643	74	783	32257	10733	68	127260	68	226	3167	8544	325201	160633	8641	70089	10858	18938	3101	18420	130	15	4637	15207	10139	458
SRR16945775	4019	3604	0.7379552523326979	0.9142309875141884	2442	2206	3235	1914	925	1008	6341	4552	131	1375	12	331	670	2696	4680	10885	111	392	8533	2371	190	22564	45	179	402	3164	26003	14161	2114	5220	864	1491	861	1588	288	15	487	594	570	69
SRR25522544	26669	33660	0.7172935433237706	1.5379228540797008	3983	4861	27163	383	3787	18563	1525	2348	1306	25255	11	18728	4678	18503	2913	12709	0	2337	113882	2356	561	81155	4	630	51	922	48800	54052	21346	27940	1102	107	2016	118	13	14	282	415	691	8
SRR12217118	3326	1678	0.5964708693129458	0.8168137314154479	4954	10190	1673	256	152	22	111	2164	5	281	0	0	2402	17	6348	4405	0	9	1233	437	1	11463	13	14	5	38	7279	11670	64	3721	6516	13	8	22	0	942	8	1	368	7
SRR27205378	5595	5267	0.6987594463555351	0.7305436907261276	3023	4571	3723	1758	1935	1067	9982	2960	431	1483	32	459	584	3024	7384	11945	309	1305	7396	1180	156	17555	112	44	548	1065	64584	17925	1698	7478	1648	2850	462	1162	5	8	1099	397	324	794
SRR30952030	13024	12086	0.6037592852840795	0.6268833724158378	7761	8855	11252	2498	14616	15243	4590	14419	6189	6773	292	2134	1050	25974	503	28677	3345	6072	24574	6	82	16348	317	106	3140	490	91043	34971	6199	8385	2768	8249	2268	857	32	192	1005	1182	1579	2255
SRR25522552	33154	45818	0.8029646971304795	1.429557558987176	4337	58862	31926	570	5278	35	1487	55205	1490	15	5	18	33220	27	4120	81067	0	374	114355	4880	744	368042	21	1598	64	1186	99626	81923	64128	14699	1665	55	99	68	0	0	30	23	1152	4
SRR22808081	12194	11101	0.800754211602171	1.079774717432396	18616	19212	12774	6956	9440	2635	18811	16467	328	7445	299	1766	9025	4685	13355	31513	329	2557	32122	23347	131	97998	374	1865	707	8883	133510	71301	8137	19941	11278	8618	6128	5318	815	144	3281	3179	3764	698
SRR16945734	3545	3330	0.7603053790470871	0.9284110750810676	3719	1067	2350	2515	2451	1407	6422	3453	1533	1928	82	607	1407	3609	4262	9098	121	506	10061	887	47	23322	51	200	335	1816	39219	18540	1264	6740	1592	3244	494	1765	114	15	797	1752	688	75
SRR14527634	12283	9853	0.6385106058293911	0.6365693470942105	4492	9776	13190	1499	16737	18017	4126	12735	13115	6599	322	2189	1036	18883	889	19725	3109	11835	28590	100	12	11965	1176	5	4547	107	124022	36297	4410	11883	6309	5900	187	121	8	260	1642	2170	513	2894
ERR3589589	40044	32480	0.5711640424626496	0.5118541940349844	16135	19908	20803	2939	54557	67954	2169	31474	34809	20772	206	2561	529	93591	1154	87947	12839	30164	70479	18	392	41246	6077	1	11908	27	321693	65150	15418	17704	7177	19163	116	75	2	50	95	249	739	4362
ERR3230148	5874	5682	0.8250635599139496	0.9931745908632591	4886	2953	5411	2980	9142	10016	8002	7088	13511	2920	487	2961	3574	10097	3264	9336	88	5875	16101	654	76	30799	1986	376	481	1895	62824	36674	3149	8094	3735	6135	1453	1474	289	188	3176	6454	1595	932
SRR1217463	5685	3935	0.505037942284468	0.5733100113180368	7323	4207	6354	78	11346	3241	6906	12665	1233	4497	13	395	65	15183	26	23973	212	1487	14323	21	11	11646	63	8	269	39	33446	30093	9106	12741	2628	3915	781	3	18	174	54	57	359	257
SRR32938011	53400	60437	0.6136777655227281	0.8359731466793138	795	91875	39766	816	170	27393	33840	42949	70	33741	2	36276	2915	98541	817	82950	694	21090	144122	19	2063	63446	19	6291	5393	760	61902	172253	47181	22599	1855	10277	50484	97	16722	168	10	1789	20956	115
SRR30952028	15159	13402	0.6104630880287675	0.6409821299319618	7590	10816	11504	2630	14623	18760	4902	16346	7456	7501	147	1829	719	27910	622	32751	3491	7525	23911	24	318	18631	288	42	3699	697	94535	36685	8776	8125	2499	6996	2669	892	8	113	1600	1071	962	2974
ERR13301387	20512	17668	0.7221252249590373	0.8966053435431036	13092	25214	47267	5633	15187	33154	9343	30457	21502	12146	1688	4813	3834	30382	847	41260	7123	24762	99531	24	851	61379	1349	975	9313	381	174562	133989	20578	36603	17276	17403	1070	505	117	869	293	18629	12584	8062
SRR10589507	5812	4985	0.7587519224252535	0.8232228981362546	598	3319	5337	471	6002	13259	1652	7098	1764	3416	122	2390	849	8948	9	14435	27	847	26308	28	184	14113	34	1594	360	489	20961	11897	2233	1744	821	332	1097	8	5	5	22	14	1168	4448
DRR846318	35502	32411	0.7484504460355921	0.9846501053054696	23845	25917	40677	18201	12983	30650	58611	71082	2299	20459	209	29176	12436	80866	11319	103142	735	19531	192581	2786	1723	116394	710	2647	8019	11116	163758	186339	18469	77748	4603	10873	14873	11252	3380	2616	19460	15459	5622	1984
SRR6186653	19095	18218	0.7272530746213569	0.9260793142471888	5686	5766	10424	5399	3645	2677	14410	28181	154	14376	274	7207	7095	28714	781	33952	41	9695	54786	1331	9983	47320	276	3583	2256	3780	44577	45732	6303	17521	832	630	6064	244	2270	6261	2906	198	2159	344
SRR16945793	4046	3770	0.7905540343003027	0.9307374972859521	4334	2331	4151	2570	2392	2000	7333	5587	705	2255	42	752	1761	3260	7155	10095	392	1028	11027	2286	59	29623	172	236	303	2289	40896	24421	1718	9698	1668	3489	579	2128	213	13	1008	2318	1472	117
ERR1713400	5989	6068	0.7523108524477918	0.7082806840198804	3074	7251	5415	3295	6239	15576	12173	6476	7769	2623	90	1026	699	13372	5551	5035	494	8139	13869	2203	37	15807	4237	23	1085	237	32090	24397	2839	7711	3153	2440	838	462	723	1500	2910	248	1332	241
SRR30689428	975	886	0.7365644576327068	0.9151013163733176	693	514	590	351	315	282	1601	762	52	317	2	92	64	733	1233	1905	7	101	1093	341	11	2790	46	2	77	158	5547	2990	324	1246	366	279	64	290	3	14	139	33	134	98
SRR28060993	2382	2071	0.7751187814421464	0.9611844222722884	1371	2976	9891	1677	1698	4377	5006	5166	1111	2595	68	1407	789	4977	199	5474	477	2759	14417	11	44	7901	322	173	1128	79	15832	17792	2544	4451	1978	2324	307	149	41	66	74	1950	2090	1818
SRR18243864	1309	1104	0.6078950332244623	0.5999171242100901	811	773	818	80	1902	1579	454	1027	756	622	23	101	36	2638	163	3065	333	683	2592	10	61	1082	62	1	317	9	10198	2615	716	670	316	590	48	12	0	18	15	28	90	112
ERR2004602	3272	3138	0.9429742825195676	1.345251638766997	1699	3324	4406	865	4500	4512	3704	8207	6019	2519	602	1322	1602	7685	338	7658	124	3129	16235	87	27	12446	31	492	447	307	28771	22114	2784	7792	1709	2050	895	802	145	6	1157	1229	1230	2315
ERR1713346	5584	5156	0.6948980001875242	0.7882384810500652	2020	6939	4180	3049	3033	10107	9821	4558	1768	1094	39	1671	816	19856	2595	8943	511	5840	20933	2615	223	13065	2493	83	447	924	14413	21370	5084	4700	1225	1674	883	2197	743	249	3566	129	802	118
SRR25522553	30362	39112	0.809728158234768	1.4687566340006417	2082	55804	25331	21	157	2	162	49654	23	1	2	2	35522	5	77	85730	0	22	105954	1079	464	367111	5	491	4	26	55778	67228	61461	5216	494	4	1	2	0	0	6	19	25	0
SRR5990695	114	99	0.7166738105443635	0.8699763593380615	73	169	95	24	282	107	134	132	181	34	42	45	23	178	64	96	10	259	301	50	3	636	42	6	21	8	980	516	170	76	95	11	6	7	10	0	25	17	12	87
SRR25522537	26163	35095	0.9100743233195611	1.3839541394764576	2448	67927	27706	488	5383	23	1060	40776	1268	31	1	32	29885	42	3721	68980	0	480	99683	20623	7	383487	7	53	65	1162	84597	52700	45120	3784	1712	81	613	102	4	0	47	124	1099	14
SRR21518231	4063	3343	0.6445091379589196	0.8236001539349624	2103	1779	1759	924	944	595	3264	2356	105	703	28	259	463	1383	2816	6906	82	288	3704	523	39	10534	94	63	98	1706	15152	9012	861	3274	949	1404	552	654	65	37	330	324	230	332
ERR13337195	5316	4804	0.817889785460247	0.9745936016082631	6748	7259	4175	2953	16762	4381	13731	2563	8374	1060	337	2537	4161	5151	9149	10379	21	815	11765	6628	21	40841	1179	205	276	3555	122324	37575	690	12430	4498	5706	962	3209	52	55	2652	4767	1801	753
SRR6262588	2685	2272	0.7415192633874486	0.9200438688113641	2987	972	1819	1542	1577	556	4383	2575	28	1985	38	153	1380	857	3094	5723	112	216	6490	2486	9	16235	16	211	166	1545	22345	12982	928	4571	1678	1458	396	1728	76	3	563	764	787	30
SRR10312502	61869	59321	0.6286177080107668	0.6230513530452443	117	131433	76274	216	874	19125	41666	61716	11	32495	3	5526	92	121064	2756	4450	987	5180	143490	6	17	214533	8	95	3422	1	112992	229549	8615	64624	50987	13870	85439	0	4345	9	1	280	1234	145
SRR10589500	7464	6500	0.8245284469784354	1.0626836020880446	930	8139	7716	1063	8490	8556	3308	9500	2320	4382	171	2671	2283	11269	15	18099	46	2310	29444	153	313	16637	32	2236	670	1275	22544	16223	3371	3186	742	553	1762	10	36	5	36	32	2634	3856
ERR15419867	3378	2998	0.73869825708061	1.0485144791274916	877	5606	4633	1370	2862	4977	4290	4596	1266	2273	160	486	284	6964	1360	6434	1082	2597	12082	10	37	7988	106	92	550	67	17591	14044	1480	3260	1753	2103	570	166	259	10	45	266	1231	2901
SRR21894959	15720	20583	1.7008432858781082	2.020174411037355	169	170	41024	47	4440	2287	2675	43161	15770	29382	2	14810	1236	57977	96	3107	1	16569	17541	42	2	155404	4	181	4	0	74365	63347	5496	14407	12137	177	345	39	3	2	12	4	37	30688
SRR30689435	868	827	0.7966884867154409	1.06760514424748	908	776	604	298	392	448	1168	1016	101	490	2	124	61	904	365	1973	2	143	1561	311	22	2330	6	0	63	120	5131	3099	565	877	418	123	121	353	0	5	379	16	28	214
ERR598942	43680	39057	0.5367112129162698	0.4984300684029342	22888	16332	21580	2379	61336	45658	1353	34928	22544	21607	120	2063	1926	109104	1260	122664	10062	12299	69177	50	4	30003	285	4	8124	304	291186	70793	17796	7187	5937	26482	4576	325	1	232	931	294	705	6327
SRR33956862	110829	118834	0.6627286064177639	0.7804346305285502	1521	226076	137067	2847	178	25099	78020	168463	46	88813	4	26838	11810	140305	16437	26907	1492	46921	299942	17	1304	312892	27	10934	7665	344	122845	424759	55848	66772	58309	83157	108278	6	6946	131	17	22907	22157	231
SRR9330149	9922	10843	1.1193847775381343	1.6028823820584093	2822	2453	14160	388	34395	5725	162	14768	51945	14709	8398	12332	9017	30764	7	4544	2	9012	43261	9	2	18118	17	87	1168	17	89591	45411	271	25704	617	16	3681	207	0	77	11737	913	37	2151
ERR599013	7741	7018	0.5530587890932835	0.5623009029116364	2803	3726	3858	505	12194	5545	196	6726	2254	3872	32	220	111	19352	61	20522	534	1202	13267	36	0	5927	12	0	891	14	44194	13898	4446	618	734	4785	1068	24	0	69	56	35	129	1934
ERR10123138	6605	6738	0.5232617364622284	0.5846135886061172	5032	1794	4568	148	10824	4794	2979	6774	2201	2733	102	653	332	12677	160	18512	135	1622	10309	65	29	9205	51	33	552	31	33038	17957	7062	5056	1339	3197	79	33	51	40	125	184	227	564
SRR16945781	4491	4043	0.7552839501708583	0.9213877038065945	2794	3088	4013	2657	2023	2455	8113	6155	619	1973	55	1115	1576	6076	5419	11010	380	1338	12805	3186	124	21014	183	219	605	2670	31411	23275	1858	8708	1337	3053	1200	1750	683	93	1749	1491	1110	243
SRR5007106	33070	29034	0.5050237827117333	0.39984968946672306	27562	9008	19567	1813	39658	25490	1062	22574	13244	21490	57	2618	2516	80667	269	73579	10750	5239	39520	52	2	9212	53	0	7842	85	224433	39918	6360	4875	2434	19468	1878	172	1	196	465	277	321	3471
ERR6412193	1602	119	0.2647058823529412	0.8229988726042841	84	3	30	0	248	22	76	4	6	24	0	0	4	3	4	15	0	1	3	14	3	50	0	1277	0	14	10	121	4	0	0	8	101	0	8	0	0	0	0	0
SRR11457942	5968	6327	0.6546474766481887	0.9865252570839109	2378	14049	6097	2933	550	11	10269	6050	2	15	1	206	2305	1010	2722	7861	0	8	3343	6132	6	59789	10	375	1	4681	9978	24060	9367	5062	1122	3501	878	859	2	1	81	0	289	2898
SRR22572386	747	757	0.8105149181905679	1.2869915064818953	941	2143	646	381	198	7	190	334	1	33	23	13	225	123	532	1680	1	4	1103	1832	3	7923	4	171	21	440	6928	3060	1499	543	457	125	78	197	10	4	37	31	54	25
DRR846326	38208	34046	0.7837673063119935	1.0605730866884295	14214	20333	68635	9355	69797	48958	25117	70039	111003	36441	2193	47460	22260	73164	1168	84879	23	42486	291005	315	640	68368	7191	1491	10088	1129	201121	148170	17242	33779	9094	3001	20538	9183	673	7117	29627	5245	11146	1525
SRR10312493	34504	34753	0.6239933987777898	0.7563427715276351	2839	55371	40881	3353	1292	24430	17755	49723	411	25527	5	19526	6318	63494	5197	61648	926	17964	109744	6	361	99437	70	7787	3568	870	48329	164847	27279	22811	17296	19510	30606	54	14419	1770	7	1093	29242	760
SRR2090150	17817	16076	0.7198241817086504	0.9780537651312686	7063	4768	9277	7661	3553	2826	25331	21922	201	7832	72	1708	9203	12166	6383	46454	108	1147	35677	4681	1416	61250	380	6958	968	13890	68830	52814	14140	18089	2638	3627	5653	2144	2314	144	1315	1323	1082	345
SRR11582148	3627	3758	0.7606933425319076	0.9259848484848485	602	3065	2298	658	1058	2850	4593	3517	1644	1241	13	1289	563	5548	811	7863	145	1478	8677	492	140	6792	127	230	387	949	26238	12973	1791	4448	636	791	741	501	305	7	1973	76	1551	153
ERR2004607	3237	3033	0.8628718180278828	1.2190244910612793	2589	2599	3589	1363	3599	3567	3882	6793	2563	2660	414	1531	2136	5995	1448	9425	217	1994	14406	363	16	13482	62	469	374	753	35621	23724	2125	8541	1205	2900	779	1449	133	6	2048	1947	1519	1072
SRR12825414	28396	30109	0.6833973791815154	0.7036553936478541	18051	16497	17368	7708	4883	2321	37635	10348	252	4795	80	338	808	8426	36218	28780	74	671	22743	2728	49	69934	334	145	2674	11845	217325	58930	4230	25076	1307	19823	3814	2841	75	61	615	557	411	120
SRR29270176	14882	13443	0.7654093295899068	1.034530788740593	10288	17348	11351	3805	5228	4135	14734	12370	1294	5591	23	672	1131	11359	10964	31570	63	1522	24139	2555	148	54551	83	295	652	7297	100128	59417	14403	13827	3601	5151	2799	6810	38	188	7507	428	765	3900
SRR12113403	341	291	0.6886148425456948	0.753419452887538	120	133	148	118	146	75	434	347	78	98	9	47	80	241	186	701	23	58	616	131	27	1058	41	41	18	153	1390	957	111	308	93	89	77	82	61	18	33	43	26	16
SRR29270204	28134	29318	0.7651014176784334	1.0327182413432132	22305	27296	16460	6589	16546	3508	29017	31583	1007	8569	89	4043	1650	16681	22825	55386	95	1370	26588	12464	921	72818	139	154	1198	9532	224868	96211	20744	28751	10439	12854	2325	6811	193	33	1983	2098	533	9447
SRR28144544	17769	16369	0.6642340750261065	0.6656585117082914	12045	16874	19829	4570	15626	42105	4614	24236	19072	11424	1073	1853	1717	39682	208	30375	7623	22711	59373	135	124	17948	7101	6	9036	49	157427	53878	8994	16877	4336	13260	492	105	1	8	1785	430	668	6922
SRR28062812	3570	3570	0.7590567413329311	0.7765972190141821	1012	908	2708	1673	3301	4704	7835	2194	2102	1143	99	424	364	3262	5075	2970	105	654	4374	2923	11	12019	1507	37	758	564	14220	13156	163	6679	625	1726	184	792	3	28	969	1093	656	238
ERR15419868	2821	2635	0.7475629980180399	0.9628202383501034	3109	1738	1982	1582	3121	201	5454	3421	334	1075	65	105	1365	484	3530	6455	7	194	3172	672	2	21495	14	230	22	2387	19838	12978	701	1771	3758	1744	1018	819	38	2	1771	1035	278	43
SRR28149497	13369	14582	1.1102940677678663	1.2988070228091237	3919	12032	48188	2566	12882	15756	16522	66121	27150	16748	956	11277	7437	50803	4499	18708	1289	24562	80919	60	289	149831	186	1941	2575	268	108384	107620	14304	32992	12526	9905	1800	3885	130	178	1367	5141	10051	15341
ERR1726011	529	593	0.7091749174917492	0.7180138568129331	417	656	541	369	878	895	1312	411	536	258	12	178	134	1142	727	559	22	652	1236	400	3	2230	285	5	86	104	4227	2644	126	1000	473	265	103	45	90	48	149	62	246	37
ERR1726024	553	486	0.7035551251902061	0.7343599615014437	299	601	482	304	471	1113	986	498	456	214	16	85	73	1099	448	476	45	650	1119	178	8	1278	279	2	75	30	2445	2027	215	619	296	195	68	44	75	105	201	29	159	21
DRR163692	5825	7527	0.7403636583790765	1.629436748980855	5	10040	7329	0	81	0	30	8057	0	1	0	1	3251	1	8	23963	0	1	13939	193	119	90842	0	485	4	4	17509	14098	12620	1304	171	0	0	1	0	0	1	0	1	0
SRR31840433	8060	8040	0.8940076828135184	1.412781898925745	16100	18796	4113	3553	4513	1218	3789	4072	24	1150	2	200	6148	667	6436	24444	21	290	6117	32291	385	116336	189	2003	140	9364	102073	28343	3577	4619	4366	2268	7221	2370	48	1	288	3400	79	106
SRR28060632	2359	1923	0.7544270556087866	0.9605480902892699	1607	4265	10381	1222	1947	4087	5158	5183	1614	2877	71	2302	585	5714	570	5481	226	2461	17787	6	60	6043	128	260	884	75	12525	18913	2300	6264	2240	2156	414	134	60	160	104	2550	1432	1099
ERR2592261	225	205	0.7629764065335753	0.7471124620060791	145	240	205	152	212	419	402	194	236	88	2	53	53	499	254	207	10	234	541	89	2	562	99	1	29	9	1400	1023	76	391	124	119	37	23	15	29	60	40	103	6
ERR13257693	6095	7434	1.5686582809224319	2.046390745300348	189	2059	22609	111	5793	956	1031	28690	12773	9509	671	5385	1525	28393	18	518	4	17252	26533	11	0	41400	2	2	372	0	41516	27148	3275	13115	1313	40	99	18	1	25	12	385	278	8587
ERR11584944	1497	1396	0.8827521647554412	1.2766233766233765	3219	1801	1461	849	1835	40	1090	1746	2	472	38	46	942	95	2621	3784	3	84	1596	4346	29	26236	14	389	51	2385	21246	6705	286	814	1942	476	1219	1386	23	0	205	235	41	78
SRR11271805	1730	1755	0.8695418980312973	1.2058590208522213	3250	3407	1988	1022	2580	25	1669	2314	4	378	31	110	1336	138	2705	3766	3	54	2620	3334	47	21607	2	124	127	2334	21225	7840	287	1008	3270	669	448	952	92	1	427	294	265	127
SRR29270162	8533	6176	0.5679226806318389	0.7219509449361834	2514	4797	2019	727	1095	635	2966	4525	445	1383	25	203	750	1553	2320	7451	22	233	6832	734	13	11270	57	20	146	1388	24522	12883	2159	3527	2487	1513	314	911	14	324	895	196	89	454
SRR16971109	31576	26044	0.8722471968805405	1.3508977626734635	51183	11239	26321	16640	30168	6897	64686	57894	734	26729	328	3860	18582	20295	35004	101952	1101	5776	98204	21380	386	243791	43	3265	1745	22135	339124	199443	21252	84779	12431	17672	17086	29145	3198	0	4622	2427	4538	2293
SRR13516746	1364	1169	0.6827970195693114	0.7960331557134399	743	549	944	313	282	189	2404	605	8	206	5	60	40	1036	1900	4084	51	68	2467	234	6	4259	6	6	35	657	6614	3866	565	1626	145	556	224	446	8	28	87	87	62	32
SRR25522556	32046	40640	0.7157390360194495	1.105598996609638	8019	3381	33025	554	128	3455	14358	25480	8	8113	0	117	11214	20521	11347	67196	0	20	70912	50	9	59259	0	10265	1574	49	129044	67392	21373	34390	32	73	5808	9	5662	0	2	25	17	1
ERR1713352	16257	12943	0.6519266072057706	0.5609666876078537	13141	27142	24338	10194	16522	13712	40794	15989	20894	10376	82	3808	1729	17465	27233	25808	404	15604	18397	10732	5	74502	6990	8	2051	90	118093	92325	5251	33861	12812	21137	1616	10188	47	58	2534	1172	2316	1333
ERR1713378	5244	5218	0.7575723053700355	0.7503368767779608	3081	6221	4609	2977	3902	11937	9709	4439	2929	1758	166	1827	1086	13578	4906	7352	462	5819	19138	1435	331	13654	2117	205	574	703	25484	20670	2208	6819	1537	1974	1142	1120	635	425	2669	194	1763	184
SRR28012002	1547	1552	0.8275996654586005	1.0767897205792372	3066	1648	1587	941	1787	632	4128	2579	235	1028	23	330	956	1487	2798	4570	91	517	5072	2705	28	13696	33	306	105	1315	19706	11667	737	3383	1408	1598	809	984	75	6	726	1451	402	88
SRR8554483	36642	38914	0.9256440469841112	1.34690450069752	36767	100733	25905	23925	18388	140	15893	35136	7	1317	286	355	23893	1825	36620	86995	19744	120	74928	41084	944	422842	80	6739	501	22384	401986	133256	16445	50576	19685	8373	9645	11864	2583	7	3832	2419	1498	6329
SRR27205360	11495	11971	0.5351669882143607	0.6403857917361466	532	1282	10410	872	691	3264	10153	17550	279	3960	30	2887	3468	9925	273	22907	41	1697	11563	142	947	18141	57	3813	397	101	13129	31471	7610	10785	1448	1343	2935	504	416	26	85	100	5603	616
SRR7151554	4261	3953	0.7040411311053985	0.8128458643842692	2983	6824	1947	2518	2102	271	2661	3614	107	97	2	35	1253	1453	4224	11749	0	678	4972	12213	53	30166	10	98	97	2936	31780	11039	1450	2124	2015	719	1137	1420	290	6	1017	51	728	82
SRR28144596	11530	10256	0.6168763225958147	0.5966160332990973	7615	4044	8992	1623	24279	13831	4230	12133	10060	5414	220	1168	1349	24694	1522	28769	1996	5568	22481	803	431	15467	825	32	2252	377	114428	30603	5709	7442	3064	6947	748	526	11	39	1968	1429	364	2356
ERR9973201	29551	30421	0.7341243218400519	0.9301524311958729	22314	24710	19696	5311	15108	7719	25796	18179	1942	8336	143	1688	1233	16542	23501	79806	490	2447	42279	5150	1307	91599	266	57	1659	14522	228630	77070	15613	18644	6738	8905	4261	8998	46	330	4845	590	1342	6758
SRR22405825	19991	17487	0.9502477928901495	1.5148239433018684	35723	37239	14126	3770	24082	108	12456	37851	33	1032	244	2733	13682	1267	39563	32890	2	400	27793	21382	161	163309	27	2544	594	22548	168959	66783	274	3002	34314	6524	778	6706	12	355	5216	8983	615	4
SRR20069370	16797	16123	0.8046391578825716	0.9917815459149967	5485	9444	22267	4290	36805	18818	6100	22078	52245	20491	1630	16850	8411	33510	656	39503	9	20506	114273	608	67	27547	2383	1199	2845	737	96291	65196	6525	19336	4576	898	7714	2181	107	7556	6732	1714	7254	603
SRR28144606	17979	18262	0.6932348916347431	0.7579860746649872	12939	5660	14034	4034	6260	9034	13997	13540	10209	7330	1232	1900	1443	13784	15623	40327	2067	6494	27929	1870	198	50080	495	100	2434	6230	148506	52713	4739	19235	3000	13159	396	2522	11	43	3960	1290	1192	3166
SRR30756410	3612	3329	0.8165556612749763	1.1213073264388882	2704	5264	7222	1909	2655	3890	5743	7409	949	3408	261	952	2299	6109	2746	10037	397	2472	17028	231	121	20257	72	818	826	1406	32828	26253	3203	6801	3982	4151	1151	859	217	68	436	1255	2531	1599
SRR31818012	66090	77146	0.9286808138262962	1.1732850153511858	15121	66846	84060	3082	120501	51303	14275	125444	239922	55888	23802	53604	16356	195568	110	27633	2694	29012	278078	1907	66	101255	334	345	9891	94	641920	240514	27893	126987	10833	1936	10066	2936	259	2304	10948	11049	20086	15217
SRR15430508	22860	21714	0.9116279443620565	1.2380441155196176	14813	23809	41478	11301	43400	24378	30221	70498	59226	23636	10376	17224	18708	77049	11561	52672	3015	11596	80432	357	2	59493	11	2340	4006	1602	392446	235828	12402	58061	4733	21863	12689	33364	224	45	21923	39542	15326	15656
SRR26947786	2552	2432	0.7521953641356627	0.8059791884600561	2355	3008	4048	1432	5494	3450	4844	2677	3398	1677	84	1447	991	3969	3679	2758	494	2558	7324	3539	10	16252	1439	115	425	500	31925	16877	636	5486	3332	2295	963	1530	22	16	1293	539	433	332
SRR28061700	2641	2454	0.8159691593975628	1.099579326923077	6122	2742	2772	1668	3370	789	6804	4348	160	2085	66	642	1413	1238	4127	7479	80	884	7939	6886	12	23242	90	467	186	1838	36192	18994	1153	5332	2509	2478	1824	1661	84	6	1223	2038	546	140
SRR13201255	40329	44884	0.7249501642207583	1.2178263081448932	36046	85083	28132	15467	3878	1521	11989	30522	25	1439	308	417	22890	4926	15369	83034	7	469	60897	77516	657	349147	42	5963	741	20106	256865	133480	91774	10385	14115	3670	1898	6973	258	9	952	1978	1186	282
ERR2592276	3248	3335	0.7594493912411412	0.7292804464819613	1805	4008	3105	1871	3371	8171	6753	3499	4126	1543	50	590	374	7605	3033	2637	264	4554	7369	1188	7	8457	2328	18	571	146	16640	12677	1621	3910	1594	1210	407	220	405	797	1609	136	679	89
SRR2124832	32642	29435	0.9111691354510842	1.3121118494596944	32741	8465	28488	13820	53823	6629	65473	42399	24715	17125	1440	7483	21722	30623	28170	84791	74	2549	75545	6470	264	269004	22	6650	160	28495	292002	264532	13239	62997	43033	48289	6766	18074	339	135	19261	46523	2083	3793
SRR29699998	16903	15052	0.6897859213964979	0.7267090512883877	5149	19557	34005	6263	20444	22226	17149	38862	35182	11826	1632	15107	10076	49719	890	33484	1154	15235	107582	546	79	31018	426	1472	5953	184	91722	86175	12305	26025	3259	2889	9169	2220	529	2333	4938	4548	10019	7941
SRR27973115	2485	2448	0.8774455106747006	1.207852809812679	7028	10922	2055	1293	2173	129	1701	1549	3	160	3	405	2042	145	2818	6055	2	112	3818	6925	48	49044	40	1317	86	4399	46490	11611	495	1319	2652	1747	1891	1177	102	1	204	1510	57	456
SRR30951348	7653	8527	0.7401437595295143	0.8798784803134656	5742	4338	4060	1701	2500	618	6838	3939	309	1805	36	222	732	2471	8466	21758	61	369	7188	615	26	27789	54	87	338	4746	65753	19925	2669	8010	775	4299	401	1445	34	66	1125	253	336	512
DRR163688	884	963	0.6645359455420886	1.1690934711131986	38	185	1650	29	34	30	463	2479	9	186	1	38	956	123	116	2313	0	20	4486	40	4	2185	2	580	0	0	3358	2156	361	1725	17	19	4	14	0	0	6	5	1	4
SRR16945731	4400	3668	0.7882452193475815	1.0617590194433297	3310	2343	2827	2351	1735	1077	7004	5395	133	1684	46	304	1647	2728	3731	12419	97	461	9134	5595	817	29299	126	907	234	4412	28578	17380	2493	5921	1343	1505	1728	1699	379	26	760	884	574	68
SRR25522555	33229	35902	0.6379809033558618	0.7338264552981195	4851	20543	18473	7832	460	6799	14094	14427	28	4208	1	4998	6285	28568	6474	53844	0	2769	58858	3749	1353	119626	13	4496	820	1802	48900	81718	18193	28003	2101	2105	17637	4	268	1	2	2	13402	0
SRR28149494	14686	16420	1.334593761593562	1.6059045564842276	3189	13054	65797	2647	7881	10535	20472	104928	24717	21196	860	16158	6760	71962	3029	9441	586	14531	87629	397	47	222747	31	1710	903	26	122281	103965	8205	35724	10378	5937	6331	1216	7	271	1792	7384	4112	22608
SRR10312498	36227	34637	0.7899784685032849	1.0762986549681375	5042	58413	28225	2487	4317	26225	13941	46900	1796	19696	74	4749	10281	78895	2655	70974	569	9947	112682	8	6018	70153	52	11478	2632	1006	110524	148897	32224	46325	9765	25563	11574	592	1794	751	38	589	13063	6619
SRR11922362	12053	10931	0.5937139205567579	0.5873578524827315	5432	7648	7516	1362	10804	17059	834	12628	6992	6325	88	739	647	24573	104	25649	3656	4958	21737	17	6	10030	223	15	3571	147	64633	25493	6613	2792	2528	4902	3556	118	12	83	641	313	890	3045
SRR13516734	1307	1199	0.6654337592468057	0.7501723968081963	1360	798	1034	291	381	434	1466	736	65	464	57	136	49	801	1530	3059	2	168	1895	214	4	3884	11	1	60	541	9932	4230	573	1175	352	742	249	415	0	97	256	186	24	161
SRR11271809	1286	1298	0.8814450619923044	1.2597864768683273	2670	1882	1691	732	2943	45	2582	2094	34	667	37	142	1118	96	2386	2715	5	224	2479	2272	4	14188	5	296	125	1194	23695	8880	422	1526	2387	1112	639	897	24	0	1082	606	139	46
SB022018-GATAGCA-TCGCTATC	18614	11577	0.6161416651024691	0.6135162774842339	7013	18483	13405	1019	5459	24963	1953	12782	12552	6227	62	1491	438	14966	229	17880	867	18090	26219	34	39	5826	11216	4	6139	4	66639	25794	5453	6269	2502	1907	21	13	4	85	98	1131	389	7922
SRR10694891	6404	5610	0.6672917362377662	0.7792215742994015	2261	5914	4496	627	7630	8647	476	6573	4816	3320	88	534	310	10724	142	15913	1724	2648	13211	4	5	6323	51	7	1795	169	47754	15177	4935	1506	1097	2131	2179	111	1	47	404	122	276	2368
SRR28062018	2042	1517	0.8242723778143877	1.0055063236685882	4049	3352	1738	1657	3036	256	4486	2564	166	794	59	248	855	348	3695	4419	5	437	2849	4924	15	30763	156	344	77	1552	21768	9871	708	1637	2463	928	1219	1507	112	3	545	536	90	123
SRR23617183	18266	17122	0.7250151801978784	0.8680096891400888	15360	4814	11610	10318	11806	2039	35636	11157	613	9865	146	1113	5530	6519	32914	45173	416	1513	24675	10085	151	86321	70	185	1069	6166	160063	89987	4951	30680	6486	15426	1063	11358	649	8	2375	12229	4204	558
SRR20069404	12143	10177	0.8510855525218696	1.0582620286365396	10479	4893	10460	6199	17382	7398	22897	16416	8731	6800	228	4162	5337	18507	10999	34284	274	2951	32932	2053	447	83907	126	2115	581	6832	105402	84748	5828	24055	8419	12973	4586	5317	870	401	6098	13212	2097	892
SRR13213329	25307	26772	0.7649829351535836	1.1885084635963385	14300	50347	18980	4603	4765	136	7502	20573	4522	56	429	26	16731	5336	19691	46955	7	75	27921	68325	481	188759	28	1314	1589	12011	146373	81211	23767	4857	10358	14507	266	13211	1	17	7186	3730	2930	381
SRR13162838	31295	29019	0.7940810365239713	0.9679489113491225	17082	61010	22408	15803	11669	3958	33268	24354	1426	6563	343	2016	9613	17721	40186	60889	536	2829	51197	33553	331	172772	695	1163	2406	16321	239905	121871	14924	44947	10951	11905	7991	11865	643	67	3609	4905	6675	3389
ERR2681673	12169	12685	0.6935284881112607	0.761601519895859	11139	2654	6437	1613	4518	1720	9148	3191	528	2553	61	126	195	1797	8647	26005	19	576	7528	554	31	34109	396	15	898	6678	98579	15953	2134	4419	302	6621	760	1139	4	9	171	31	192	171
SRR24742811	10624	9923	0.680703677863052	0.7040524346401232	6838	3543	3774	3198	2212	1299	12030	3891	294	1760	17	245	562	2228	10824	21342	83	412	5709	1807	75	25799	359	100	310	4854	61316	23187	1724	11025	1040	5517	449	2085	17	32	507	278	405	108
SRR30756412	3564	3119	0.8532756236234186	1.1377299026294745	7247	6691	3551	2055	3934	134	5406	5797	42	1482	53	224	2302	234	5158	8516	14	359	4819	4617	58	45331	21	649	112	3015	43933	20138	1220	3792	4922	1752	2269	2671	122	2	1415	1430	390	153
DRR163691	1972	2339	0.8125129623228483	1.6431140117208312	59	2638	2037	25	51	6	160	2945	0	1	2	2	643	2	18	2918	3	3	3761	151	23	29509	0	544	2	45	4105	4817	3317	1437	38	11	0	6	0	0	4	1	1	2
SRR27943092	2300	2244	0.9043392114127204	1.2552892439710017	5333	2861	1973	1332	3293	442	6759	4651	285	1448	42	315	1824	1148	3764	6225	40	463	5535	3777	28	26862	16	797	82	2813	36241	19373	1342	4202	3371	2613	1686	1375	90	0	1717	2322	471	184
SRR8554643	38588	37536	0.6670763933659698	0.8808171403400115	10939	25995	50087	17374	16925	29706	63321	61005	3812	25944	1031	19845	24018	70208	6482	102226	411	21594	115424	281	5863	111520	497	18920	5202	8242	113730	122581	33527	24779	11948	7357	5101	3030	826	783	740	4907	26552	3031
SRR30952019	9440	9121	0.6472354668834641	0.7053782654653445	4678	6353	6315	1977	5828	3653	5898	7987	985	4146	248	1356	999	11464	4163	17789	517	1673	11879	178	117	16686	84	228	911	1932	57262	25035	3673	7958	1444	5509	1473	949	58	99	1063	375	1136	1298
SRR21518224	2618	2753	0.6935031643034527	0.9604527973296568	1579	2540	2208	365	2850	3458	860	3890	2508	1047	67	242	416	4497	257	7372	426	1295	5323	73	10	4432	88	18	288	249	14823	8226	1374	1819	1091	1192	731	112	3	62	292	360	153	1037
ERR2004615	3551	3229	0.9482291113409554	1.3752535496957403	3488	2569	2616	1482	4110	2027	5020	6342	731	2716	247	932	2868	5637	1941	11230	86	898	12020	435	28	18551	52	1280	148	2296	40830	25435	2389	7749	1251	4587	1127	2101	260	1	1883	2036	1439	612
SRR22573031	4122	3437	0.9131753289166744	1.3145563086314467	7431	2402	3110	1910	3944	320	9409	8203	204	2219	87	141	2582	760	3457	9125	29	553	4907	3583	189	39425	111	1721	101	5337	47960	23591	2477	5088	4412	2727	2709	1743	192	0	2036	1652	331	224
SRR29270208	12943	12075	0.8071155915955264	1.0500373773179965	10036	8015	7704	3798	4559	2508	13069	8599	587	3431	29	583	1782	5119	11256	27280	55	756	13078	954	36	43671	20	105	459	5297	103384	33922	3914	11435	1681	6043	1485	3665	50	185	1742	1530	644	1548
SRR16945785	3589	3245	0.7354330708661417	0.9004349359351123	2664	3464	4646	1746	1380	2566	5787	6420	518	2131	143	1406	1499	5937	4080	8810	352	1230	13906	3162	55	13165	30	140	557	883	28483	24072	2065	9222	1652	2533	1106	2076	167	134	1563	1430	1536	588
SRR14844116	11140	9415	0.8000293313984902	1.0613916963159313	7405	10813	27793	3407	10261	17152	4976	21476	7483	6543	382	7327	2756	18500	209	25048	1496	11342	62381	62	747	33980	854	1522	4337	285	88770	77218	9045	26130	7580	8526	1798	1063	121	1054	1052	8705	6423	5721
SRR29704047	10153	8768	0.7520022435025033	1.1339587669094693	10189	7263	14966	333	10765	12298	4605	15702	4254	4917	875	2140	3676	16530	165	26043	1165	7099	37937	8	1696	23631	48	2368	1362	268	75327	51975	9622	16133	7693	6518	265	352	271	155	41	5395	2534	2996
SRR5788433	7814	5685	0.6040807257199718	0.6684831806495999	5173	2648	4545	263	16249	10776	333	6078	5237	3649	2	349	292	12758	248	26044	2491	2515	14068	0	9	6604	13	0	2191	6	68462	9519	2496	1309	1042	3106	481	39	0	64	113	55	214	600
SRR28144605	15330	15408	0.6474135749133786	0.6179921376593949	6958	11914	22136	5016	19749	29844	10449	26357	27443	9549	2027	3334	1840	39755	2384	23794	6387	14501	55959	408	207	27323	2857	10	6387	562	190126	64918	7909	21833	5716	12428	1375	499	9	23	3380	2071	2063	7612
SRR11450778	689	640	0.877421220005782	1.4238392614716264	987	145	405	269	1121	98	1508	825	242	429	38	45	415	276	735	1707	32	129	1303	1107	14	5173	19	107	15	559	7262	3970	266	1178	493	368	273	737	7	0	457	107	63	21
SRR29700000	19603	18130	0.7871852556891927	0.9144822512414935	4631	25967	43400	4864	39088	42324	17836	67554	91082	15621	3296	22624	8354	58099	413	35039	333	23858	120966	329	102	52916	189	1940	5044	121	133652	105365	12255	39021	6197	1806	5114	2649	269	1079	3491	8165	11967	13352
SRR22808091	13381	12272	0.7546217504459456	0.9250428250715524	10351	32656	39666	4135	14134	22224	22211	30736	15459	12119	1005	11840	5739	42479	6092	30793	538	11102	89343	240	351	48417	566	2021	4661	1231	89525	102754	12307	27313	15512	8041	5480	431	465	1395	3258	9543	10138	8871
SRR30689431	1333	1294	0.7518166243279967	0.8318788770896857	827	335	637	558	206	148	2394	886	40	256	0	38	62	547	2266	2132	9	76	999	234	3	3141	11	3	88	171	8670	3356	145	1837	255	459	121	221	3	12	117	26	85	75
SRR30951357	8916	10030	0.7521638558270598	0.8554890395281275	6648	4768	4847	2075	3153	751	9243	4501	566	2089	49	237	919	2825	10962	24906	63	467	8870	593	31	30216	79	73	420	5324	80511	24659	3079	10847	847	5060	380	2087	14	49	1163	228	353	552
SRR490135	43803	42816	0.9192138793771106	1.2356625591852979	24087	5777	57884	3084	104331	57909	4127	59784	194032	51657	20739	39692	30040	128821	34	49386	39	57358	194867	288	18	70027	104	87	3939	8	360312	157824	1352	75055	4181	1115	25289	1074	16	990	40759	966	1413	5614
SRR28061291	1935	1438	0.8620707199185957	1.0967680967680968	4596	6110	2045	1445	2295	74	2930	1360	18	243	36	130	947	192	3361	4562	4	145	2261	5497	5	48094	36	172	75	2696	31629	9366	333	1056	2741	774	1133	2001	168	1	288	439	22	410
SRR15526463	2011	1843	0.46005033620074376	0.35263261425480297	1372	455	993	81	1937	1050	322	1329	534	669	15	112	89	5945	39	2786	274	168	1300	20	6	515	5	0	157	4	9341	2658	238	316	508	1278	87	21	0	43	37	11	14	105
DRR163686	29205	20012	0.5652286808328814	0.4803394872692274	1	471	9492	6598	2	0	31050	32549	0	13495	0	6	217	3	42903	1122	0	1	4845	8	0	59377	0	79	1351	0	15748	72997	41553	31433	5	1	1	1	0	0	0	0	1	2
ERR2592329	10147	9415	0.7663923098184945	0.7358541344277737	6146	12255	10081	5882	12937	19091	23356	10364	10117	5252	168	3153	2152	20814	11911	11866	840	10659	28249	4942	22	30690	5743	191	1734	480	73146	51602	2951	21858	5729	5032	1248	2465	550	1966	4189	1040	3186	1388
SRR28022937	2442	1910	0.9290286062611574	1.248994005091566	6250	8378	1779	1851	3068	40	4060	1896	12	139	29	256	1137	293	4548	6489	1	143	2419	6561	7	55910	22	369	59	3966	39155	12510	365	1266	2979	1397	2155	1561	43	2	636	1178	51	877
SRR14527633	13063	10312	0.6883095459211105	0.6733393994540491	6135	12323	22855	2325	14917	26563	9247	14500	16353	8312	1176	4459	422	22440	1626	14570	4155	21131	44696	457	4	13584	2313	8	6372	82	128329	54100	6563	21274	5176	12150	235	338	8	63	1561	3114	337	3281
SRR10907114	15054	15083	0.8620070438852588	1.1851457780312835	10512	6448	8292	8428	13408	2375	31055	22059	425	4213	349	324	10520	4804	10471	43348	46	613	15879	13194	754	132722	180	3592	411	22026	152570	46034	5163	7097	7591	7279	5069	2697	879	56	6465	2985	640	113
SRR29699984	13996	12489	0.6948130277442702	0.8046242774566474	7840	9654	14523	7724	4648	8072	25945	21028	2453	5147	117	6042	3342	24190	12803	32308	611	4525	42600	7669	303	44072	148	670	2556	4713	74273	61567	6238	21752	3482	6202	4727	4272	1176	331	3381	6517	2941	548
SRR28149499	15247	15963	1.087998606723759	1.3054759559416136	4702	12927	53457	3591	14617	20572	18916	70270	29754	17936	1247	11192	10575	56153	6762	23092	2088	25361	89153	53	409	153278	246	2893	3663	377	124172	124916	18276	38305	10972	14506	2251	3795	225	89	1594	5502	13400	16001
SRR22299279	30944	35118	0.6449448640093585	1.2012068649045522	3442	79875	37309	723	3837	3901	3586	37798	2229	782	109	745	7273	2151	1727	18815	20	1686	58232	2109	0	718644	2613	27060	111	1219	79882	98444	44325	46927	1516	1176	750	64	41	217	1530	141	51	1706
SRR27943004	8523	8673	0.8980594784585272	1.223408454039547	21988	13467	7485	4711	14791	1452	26361	16561	1770	4589	169	1980	7139	4688	15257	22353	131	2696	21404	13457	126	98924	151	2631	297	9337	148002	74850	4119	14346	14165	10274	7607	4815	155	2	7372	9580	1172	1243
ERR3589561	55333	45473	0.5417066970740266	0.4510331155414084	18569	11680	27386	1966	85145	66063	4175	38717	29470	27536	198	2458	1716	140193	2914	142795	18223	21515	80739	11	159	26411	745	1	11962	64	437518	77506	13444	12914	12172	34256	149	119	1	145	246	426	912	2722
SRR32816596	625	553	0.8971262610822378	1.144845971563981	353	740	557	174	974	671	329	797	444	248	26	304	228	853	0	1190	4	243	1071	1	0	1147	1	2	36	70	3777	2513	304	815	159	81	346	295	0	2	252	4	115	140
SRR11582144	5647	5320	0.6531893551942343	0.7787792431572669	1265	3191	3050	1577	1065	1346	3795	6128	161	2218	13	735	1195	3295	1552	8054	11	600	9853	56	464	8264	36	552	335	1202	22509	16949	4160	6951	576	1872	1041	230	844	12	525	60	406	272
SRR28327193	6947	6547	0.7288766400489953	0.8611589452063321	6265	2931	2891	896	3534	594	7207	2348	204	1421	16	32	367	1435	7448	21486	137	163	6497	175	0	31610	59	21	202	3797	66341	11707	1262	3269	250	2824	869	1285	14	1	528	350	853	202
SRR17205156	9352	8560	0.8144094681440947	1.0654704247717348	23842	10935	12252	5681	12340	1082	18225	16912	87	7492	237	584	5396	1412	15944	21868	65	1348	16416	17928	37	106190	18	1509	383	6485	130331	62316	3836	17836	14919	6588	3482	8074	194	0	2744	2940	1479	224
ERR1713353	2934	2714	0.7168644281747033	0.685868546695819	1543	3475	2321	1428	2088	5554	5841	2668	1446	955	70	710	544	7262	2426	3874	419	2810	10560	1402	82	8529	1138	45	430	380	11680	11373	1240	3439	1192	1432	876	464	342	253	1491	185	383	76
ERR10123006	5790	5951	0.6431343805700388	0.7768783984181908	5369	4499	7426	1468	8119	9298	5058	8466	6571	2512	545	1119	2030	10637	1672	13439	183	2853	17567	1278	10	21718	414	157	526	629	41319	28600	3320	8660	3582	5094	916	414	17	56	1373	2541	332	2295
SRR28149502	16477	18284	1.3325520333013128	1.8535013567104988	1698	8182	63065	3865	13051	16650	21239	85055	36315	22008	1211	11845	6460	61555	3490	18511	208	24894	116892	87	41	194806	122	3267	915	71	140111	107646	11954	34665	7487	9755	1677	2351	48	5	1385	2884	6162	29273
SRR25522560	33081	38390	0.6792459556834339	1.147056309652211	20004	437	31324	129	99	2976	8113	29743	37	13951	0	12	2935	18527	6957	83227	0	403	81986	337	1383	87916	1	4648	2168	753	188600	77755	14364	45936	51	3294	9248	11	4794	6	11	14	25	1
SRR33139892	7718	6626	0.6575940925170594	0.7339854238588416	4224	8449	11216	1583	6899	8438	5178	10514	4419	4761	176	1652	940	13600	700	12807	1181	5015	24448	29	66	11386	583	122	2034	290	56667	32401	4546	9148	4081	6779	612	263	77	250	411	1971	1639	2624
SRR13516743	1473	1389	0.6785399529964747	0.823256413561944	1418	623	685	243	363	257	1166	611	76	376	21	38	28	662	1400	4012	3	80	1342	146	2	4313	6	0	23	874	6929	3041	442	761	147	705	132	277	1	12	354	33	49	128
ERR2004600	3306	2897	0.883619452259287	1.3399748894590315	2256	3791	3932	803	4693	4152	3832	7518	4502	2318	656	1210	1764	7926	400	7857	132	3175	16117	129	69	12725	83	779	472	400	30345	23201	3669	7626	2155	2631	954	704	198	10	864	1016	1420	1954
SRR10312495	31803	31380	0.6656889567559543	0.84002587469797	1180	88425	32979	1361	1969	14390	26140	37394	485	20448	0	14903	15125	71902	11901	51800	2089	6100	93427	0	259	74617	14	15660	2784	1074	32006	104173	13927	24936	5909	4037	16945	20	9254	910	8	662	27542	23
SRR16945782	4249	4367	0.8740087751076762	1.138656074630129	5736	2221	4001	2813	5303	3598	8201	5826	5246	2436	134	1825	2973	7025	3852	10560	272	904	13414	2287	34	34739	154	731	284	3320	59028	30470	1583	8548	2918	5724	1066	1581	128	12	2572	5103	840	395
SRR25522563	31598	40451	0.7278957531168472	1.3651618409879847	2006	1814	31670	350	2895	13643	5700	5873	650	26544	3	6567	7104	11421	2144	12757	0	870	122616	2033	121	86068	6	3122	33	677	59066	87756	38736	46465	732	47	1098	42	2	2	20	8	590	14
SRR10589505	9204	8066	0.7387350673219066	0.8299894403379092	2188	5552	7858	665	9967	15825	2870	11135	4350	5017	447	3154	1290	14394	23	21033	81	1782	36470	35	436	17744	15	2003	719	606	36516	21179	4761	3832	2219	932	1595	22	18	16	111	39	2470	5164
SRR25242036	12600	10651	0.6516807914054378	0.7132122587968218	3246	8269	11254	3222	7498	9970	10512	14890	5074	5825	368	6324	3096	23736	200	22742	8	6111	42085	74	131	15221	910	143	2197	383	28533	45282	5573	11058	1340	1361	7501	4304	364	4802	5003	138	3279	559
SRR3098756	3653	2869	0.7150958567861526	0.7337261503928171	1243	1235	6472	1870	3473	10456	4675	4943	10533	2031	20	835	1587	6024	2051	4624	155	7350	11284	546	6	10413	1810	23	1315	223	32788	22320	1897	5108	2667	3812	414	256	11	8	1965	2449	141	3592
DRR846317	34038	30608	0.7620866937940108	0.9542147732135688	22842	22125	33314	19940	18434	26872	59789	61150	2482	16949	378	18768	10752	51445	26027	90907	2505	14274	115409	2847	2148	117730	143	1604	6103	10469	247361	183873	14145	76598	8359	17699	8152	17728	1947	694	13290	17842	5570	1849
SRR14844113	10873	9734	0.8105851301918535	1.1231298047437708	8127	13199	30586	3002	11207	16091	4718	20568	7054	6856	616	7675	2840	18518	195	25534	1365	11831	64838	20	1130	35817	680	1719	4532	330	87329	76662	8791	24607	6669	8791	2307	992	154	1727	879	9314	7346	5085
SRR28144566	13831	12882	0.5883068142193837	0.5924266701546712	6199	9292	13598	2525	15177	18072	3892	18111	12747	8113	893	1714	736	33129	169	28581	3626	7710	33095	323	14	15396	519	6	4117	24	110713	36584	5933	8112	3730	8153	2253	139	2	91	1194	565	1221	5191
ERR10114975	4588	4611	0.5875009986418471	0.6960211411769085	3587	2456	6002	661	4499	6678	3862	6296	6291	2081	358	839	816	8269	854	10274	841	3833	12147	309	38	9787	93	197	724	37	25970	20615	3510	7270	2022	2621	73	300	36	71	1049	1281	239	2143
ERR9973200	32376	33105	0.7280504288239319	0.9276763888710513	23850	25460	19710	5118	14492	8136	26072	18549	1725	8812	174	1459	1312	16562	25582	88111	385	2785	44525	5421	1399	100516	382	79	1695	16113	244168	79433	16160	19440	6712	9052	4614	8822	35	286	5194	577	1507	7034
ERR10121400	7208	6974	0.6291355109536928	0.7303258754863813	4134	5585	6795	2375	6295	10357	2108	9461	7248	3613	116	860	1066	12690	694	15116	546	4095	14195	265	33	12314	157	3	1544	297	38175	22969	5801	4147	2285	3025	2419	368	0	14	1029	882	265	2734
SRR27943287	2158	1944	0.8817218145143986	1.1761870330200048	5231	3948	1981	1482	3477	255	5769	4618	410	1128	42	347	1526	581	3950	5708	20	488	4342	3537	31	28747	69	619	81	2465	34772	17340	1012	2980	3884	2370	1765	1243	93	1	1840	1693	276	183
SRR11922360	14845	13605	0.6044346723644197	0.5352846126159242	8408	9428	12516	1246	15685	20554	2157	14624	17753	7765	1156	3022	354	31592	54	26555	3441	6874	34667	8	16	6684	248	15	5311	16	112363	36464	5090	12789	2502	7875	2031	101	8	35	308	1221	1002	3502
SRR22808035	13316	12139	0.8536128462746208	1.243499478941616	12300	22394	31529	4655	17483	19606	19943	29443	12500	13275	2103	4939	7850	31089	5913	31981	1143	11370	63787	864	310	56517	456	2867	3468	1331	136796	96592	11435	25940	10151	12903	3192	2654	425	369	3608	8247	7445	10223
SRR6943130	8766	7579	0.6880992815153495	0.9856478436531053	3864	710	2413	922	1223	932	9993	5441	82	2977	10	341	1357	2646	2384	23902	3	294	9413	755	615	18003	131	668	191	3826	22624	12550	2521	5123	618	868	1210	1435	199	18	242	139	120	57
SRR30952012	17058	17191	0.6986138596933651	0.7737798308661835	11872	6401	7666	2654	4147	909	13347	5392	622	4366	148	259	633	5047	17098	39833	210	654	11561	497	46	44105	77	77	677	8940	117109	31546	4403	10474	874	9125	730	2400	11	18	2046	150	483	832
ERR1726030	451	398	0.7383336161547599	0.7080873671782763	265	572	406	296	433	1096	763	444	551	198	2	86	56	1008	633	358	23	565	1151	113	1	1084	305	0	54	21	2840	1677	155	644	150	183	39	42	46	82	166	25	136	9
SRR7151655	2634	2445	0.7601828023782057	1.040634369575509	3088	4640	1205	1545	2053	43	2501	1920	1	565	4	7	1070	208	5802	6159	0	28	2202	7723	41	27541	20	244	9	2100	23997	11076	947	1016	4159	630	2080	1255	74	0	742	116	55	2
SRR12217114	1554	1253	0.6908795962509012	0.8754417907250723	1582	4513	901	412	222	26	50	538	0	56	19	1	656	45	1802	2756	2	28	2190	2652	5	12099	15	221	22	920	8942	5235	556	1134	1596	721	763	150	0	147	31	4	53	80
ERR13301385	20861	19080	0.8194994811794792	1.166955477525955	20889	24390	42101	2142	23423	36198	7069	33135	22645	13159	2529	5153	6725	34889	910	47376	5486	24247	100612	13	982	71950	771	1443	5283	291	212439	138732	18298	38086	15036	20891	1422	1656	536	538	233	20745	9123	12168
ERR10323222	7310	7268	1.373683263430367	1.5547044667488408	612	317	15841	1687	10965	5570	4919	26576	8080	8308	32	5381	2464	48681	1	7023	0	10834	38689	2654	0	53244	2	2261	20	0	39285	26148	5634	6813	189	177	1434	76	6	12	13	65	157	11572
SRR8893729	2408	2318	0.7051021539143607	0.931104769669792	3406	368	1570	1434	765	598	4237	4478	153	2144	30	148	1408	992	2821	7793	36	350	6960	2608	0	17410	15	377	600	1816	15204	12423	500	5422	1417	1496	665	1046	50	0	1356	135	272	64
SRR30951351	7900	8880	0.7515578099471865	0.832531945725201	4855	4733	4707	2181	2945	1079	10739	4114	683	1997	42	403	719	3349	11272	21063	49	518	8575	520	34	23340	186	61	512	4213	76653	24454	2545	12267	695	4131	297	1954	18	46	1001	199	931	370
SRR10312504	25650	21162	0.6407590640009286	0.6229144673268875	1341	73226	34817	1898	247	9766	19477	33974	40	7697	7	564	31	42817	29443	5162	396	10353	54761	20	40	62498	8	18	1455	16	39658	111918	5074	39700	11794	11258	39827	1	5	61	8	2090	1826	274
SRR27973526	814	679	0.755781102856545	0.9110894941634241	1303	1572	786	480	788	240	1122	768	17	250	5	41	324	174	1217	2013	4	101	1180	2078	30	9399	114	97	42	563	7235	3606	355	639	1214	216	275	441	53	3	134	183	39	54
SRR28062667	1607	1589	0.6703216374269005	0.7271629778672032	1216	473	959	630	508	264	2829	746	120	540	22	67	379	1060	1933	3664	30	128	2423	1002	175	5296	114	86	72	512	8414	5334	589	2068	448	480	210	626	11	1	182	365	334	20
ERR9973195	28751	26980	0.7420396310215237	0.9921944877795111	26843	30676	25682	8823	14117	4810	32824	30120	1074	13318	340	5051	1675	21887	28094	63815	99	1919	53073	6523	1247	101859	28	93	1136	13785	205220	126498	18812	41289	12898	11370	8078	14329	283	896	5485	1080	902	11076
SRR25522566	25504	35813	0.6529438632465343	1.2556067588325652	6464	42305	31356	51	662	8	4630	34944	101	14	1	8	14138	466	4017	49519	0	67	54726	1991	983	348270	0	12328	158	74	114670	78471	66720	7658	350	14	3504	30	0	1	15	76	102	1
ERR1713373	2388	2275	0.7308373465900264	0.6679863043013053	1204	2518	2290	1474	2071	4469	4935	2213	1578	992	34	654	279	4892	2423	2678	114	2502	6072	1066	22	6623	1413	19	361	156	11406	10154	712	3756	1006	1268	576	394	285	392	722	141	784	118
SRR490136	40817	52707	1.4034602557692406	1.6984691510746868	359	8030	109838	37	9470	975	212	58848	92183	93431	513	31276	18430	134038	5	1289	0	29853	191152	25	4	345455	1	2950	342	0	173785	465481	665	297086	477	1	96209	4	1	585	905	49	761	68738
ERR3589593	51497	47146	0.579043183742591	0.602426171553122	31227	23715	35156	709	84756	56427	15230	52136	35450	24996	1139	4436	725	118125	1807	141488	5977	29210	100439	44	4952	59730	614	26	10055	109	343918	126805	35912	43389	12905	20952	977	115	13	547	802	3437	1865	5891
ERR1713407	13899	10228	0.7698769173012978	0.7444322874386757	11516	14039	22982	8161	21421	34483	29177	17344	27574	11330	99	3555	2100	32218	15046	10161	8159	38012	49953	11788	18	96639	14181	19	6755	167	142228	92145	4201	40085	15603	11856	1212	2358	58	55	7694	1517	854	6652
SRR25522558	37266	37924	0.6906436799910565	0.7421320865342694	3227	7615	15984	13239	2339	3668	13462	30683	537	19575	88	14778	1578	41534	10203	91452	12	12693	126093	2375	692	46303	17	8798	1954	8298	57638	57605	13861	19271	1572	3354	7631	357	6871	310	1578	678	1558	564
ERR2592246	3973	3901	0.7248277146582232	0.6736983411640618	2348	4199	4240	2664	5402	9312	8648	4078	4038	2207	38	1416	577	9570	4751	3893	181	5905	11418	2022	5	12894	3037	9	564	202	25056	19824	1133	7701	2736	2069	563	928	874	372	1064	291	1868	225
SRR27973287	2574	1889	0.8035459626132203	0.957825128581925	3564	1760	2075	1489	4514	815	5836	2315	1478	1111	117	458	1253	1309	3554	6415	200	261	6989	4796	3	25864	115	250	84	2007	28206	16140	938	3976	2708	3219	843	1313	87	3	1006	1365	571	111
ERR12510664	4616	4858	0.731323952670291	0.7076478434859937	2536	4564	4790	2557	5223	8157	10977	4992	4097	1909	132	2233	774	9780	6139	6586	239	5376	11950	2397	18	12129	2429	68	811	392	31868	23671	1400	9817	2463	2181	792	926	414	608	1637	396	2699	338
SRR17205148	8270	7818	0.8334706064037888	1.126276334496575	22106	8336	11207	5100	11227	1408	21523	17368	119	7971	214	541	5881	1349	15470	19777	132	1518	17846	17512	82	90081	20	1563	305	6641	117140	60669	3771	17206	12961	6989	3410	6904	294	0	3135	4183	1445	371
ERR3589558	53876	41896	0.5871338250598255	0.5693322708954318	27435	39236	35033	4835	58656	93775	5886	51073	48784	28171	518	4744	551	111807	770	109663	15118	50129	95881	15	20	47718	17146	2	21075	34	355858	96376	22098	27129	12049	21339	872	955	1	110	42	496	763	10522
ERR1713385	6385	6667	0.7435484229478317	0.6509588731119534	2675	6264	5743	3566	5712	16980	12826	5676	7596	2704	124	1339	614	13782	5739	4289	578	9712	18124	2008	28	14980	4781	9	1328	231	33485	25062	2310	7948	3144	2377	1256	472	796	973	2858	557	2063	308
SRR30184006	5753	5368	0.8395030081876989	1.1337427029408524	8944	8252	5423	3540	7709	824	10051	8323	971	3146	192	1452	3776	1590	7729	13139	144	908	11102	6483	56	62821	112	984	272	5093	79223	35527	1665	8802	7022	4622	3053	3924	103	3	3017	2013	894	409
SRR24742807	13435	11777	0.672451390668147	0.675536358264909	6917	12256	9823	2306	9680	12239	10020	12879	6498	5918	485	875	385	22378	3486	25524	1868	8708	30558	211	300	12824	1096	35	3546	237	74042	37337	6103	14181	863	9922	995	418	11	53	248	674	1470	2399
SRR15430511	19737	17151	0.8677507873073169	0.9628463425097741	15276	4426	55355	12473	72179	60411	41201	54013	118855	14268	11563	23022	15213	60798	1068	1431	3031	40077	108425	350	0	58223	23554	9	14776	35	333624	149816	11305	28199	26338	526	953	211	3	0	27333	51042	438	3468
SRR23862444	9813	8739	0.9252552421722576	1.414706682382809	4322	10487	20394	2362	10406	21452	9705	28042	20951	9254	2128	5860	4293	22162	491	21250	554	9644	41288	150	23	22998	34	831	1441	9	72470	59952	4867	21525	4070	3974	1193	1960	31	426	2565	5231	4862	9248
SRR30951356	9428	10689	0.746375776052335	0.8661998145508394	6919	4018	4870	1935	3063	664	8777	4249	489	2030	48	134	805	2459	10743	27029	72	329	8214	476	28	31565	44	81	390	6039	82509	23446	2899	10142	764	5598	362	1732	27	53	1078	174	158	459
SRR22573046	3756	3610	0.8632442863453536	1.1716857043959847	6814	4484	3067	2340	4032	488	7259	6818	260	1927	68	180	2360	753	4759	9319	5	719	5342	3739	155	43314	167	1153	133	3862	45602	22169	2210	4185	5054	2103	1920	2764	155	5	1736	1483	420	134
SRR28022649	1771	1286	0.807046357615894	0.9404578684109273	3022	4309	1690	958	1515	151	1983	1153	10	301	17	69	721	161	2448	4395	0	139	1885	5147	13	24401	76	285	45	1453	16260	6750	602	910	1811	476	957	957	183	1	189	484	64	116
SRR29704033	8978	7913	0.7681462140992167	1.1235205352435322	9049	6699	15108	493	9866	13294	4422	13408	7029	4576	1241	2051	2901	14390	314	22595	1589	7939	38993	3	1336	24381	79	1665	1684	164	72926	51743	9090	15689	6675	6987	331	513	224	185	56	6167	2319	3507
SRR27973829	3305	2678	0.8606241600716739	1.138919575784357	9135	11322	3039	1959	3745	256	5199	3676	13	395	48	344	1740	342	6551	8462	3	446	4282	8703	47	59470	129	562	98	4503	48602	18337	761	1961	5183	1800	3231	2106	127	0	737	1670	120	641
SRR28061466	2120	1840	0.8242610730692554	1.1580411797440178	3307	6153	1481	1109	1170	297	917	1228	1	312	5	25	1450	156	2888	5382	0	133	2783	7124	131	28428	98	319	89	2073	24327	6434	874	1267	1291	311	1389	634	25	0	76	501	31	35
ERR12722228	8117	11123	1.8814401086874482	2.221977367480643	41	112	15461	17	495	37	890	25925	18721	14476	36	6964	124	53334	4	42	0	7064	4079	67	0	63425	1	2	9	1	46845	20264	1244	1953	1750	5	12	7	0	2	10	90	12	15179
SRR5990696	64	20	0.4358407079646018	0.7976653696498055	33	88	13	1	27	2	37	52	22	8	6	0	21	25	18	8	0	0	45	0	0	203	0	3	3	0	222	101	25	13	29	0	2	3	0	0	0	18	11	0
SRR28011694	3484	3010	0.8504357750570658	1.1046404051224619	8600	5477	3071	2383	5234	591	9018	6468	595	2193	100	696	2002	861	6578	9384	23	939	7247	6362	24	43921	115	822	141	3865	46140	23883	1445	4970	4831	2898	2472	2410	169	6	1881	2046	517	238
SRR20069389	19083	19831	0.8373427099037145	0.9376160534264152	18613	10799	13834	8715	31239	11750	16559	23174	10716	7576	750	8886	5956	26420	10316	32768	38	7946	25962	1974	48	41643	2581	93	981	1049	169379	73132	3539	30912	11029	5856	8967	4350	46	238	2665	908	2002	2620
SRR22808092	13069	11638	0.768963343465425	1.0149143464007018	7093	27676	34634	3845	12571	17663	21703	28677	9637	12521	1105	7730	5874	37415	5990	33253	651	9154	78606	214	460	53044	469	2597	4060	1407	84523	94062	11523	25093	11784	12306	4061	719	727	1543	1834	6183	10639	7650
SRR14844115	17725	15743	0.8035679602221963	1.176530936492805	15741	16265	29341	3542	19279	31852	7198	31891	12515	10177	1389	6527	5865	27725	373	43933	1921	18548	85828	48	1767	68368	1549	3393	6094	409	159189	117340	17549	35470	11678	15237	2527	2126	467	1587	585	10862	8476	10776
SRR25522547	18747	28437	0.7161009910857649	1.2658465697870902	2449	37375	21300	379	3047	34	699	28841	827	7	9	6	9894	18	2086	29599	0	204	53718	2691	324	270589	11	4298	42	768	51141	68270	41382	24743	1246	55	58	55	0	4	24	25	657	21
SRR5145173	1196	1067	0.6502576074706167	0.7097023308059534	642	807	1531	367	701	2979	250	1689	1861	739	2	125	268	2311	58	2848	397	1421	3331	1	0	1668	76	0	549	53	10523	2986	631	821	297	279	100	1	0	1	81	177	45	553
SRR30905124	3339	2920	0.7895008839929281	1.0828171016553265	2611	6850	12867	1035	3779	4213	5004	7838	1603	3409	129	2040	1309	9328	855	7669	215	3256	20888	98	149	9743	60	541	865	536	19760	28462	4852	7700	2669	2291	1578	379	140	685	362	2471	2623	2712
SRR20069387	26704	26070	0.9887129315923713	1.433324902550064	10387	20318	20850	1151	57691	36532	1326	26547	22301	28668	2538	15844	10170	23969	222	84174	24	20172	104895	108	34	21041	90	141	830	75	130343	79396	5570	30137	866	595	25257	11345	1	972	2664	546	1307	136
SRR16945730	3381	3001	0.7654519830883834	0.95014924043302	2311	2196	2578	1533	1163	633	5767	4166	204	963	15	411	807	2312	4581	9604	61	337	7925	3240	386	20151	8	214	335	3210	23531	13321	1813	4874	922	1292	733	1207	305	15	680	785	606	89
DRR083414	725	497	0.6329470198675496	0.7772020725388601	292	671	357	52	334	806	98	775	520	247	4	50	72	786	31	1459	169	411	1347	8	0	683	110	0	171	2	2901	1464	222	351	361	132	24	13	0	56	9	32	51	213
ERR2681671	16848	19132	0.5334734488541084	0.49127615109438566	17282	1247	4297	2720	2683	1859	8109	2440	169	9398	73	67	220	689	23868	35630	7	92	5361	153	3	20957	46	1	563	3601	93672	13027	613	6305	120	4184	227	987	1	2	129	7	327	125
SRR10907120	2810	3043	0.7914997907824736	1.0292582118773113	2893	3331	1916	1172	2103	538	6195	3338	473	577	7	445	1935	3412	2853	7631	0	332	5590	5360	969	20889	95	634	115	2232	17800	12256	1025	2828	889	1902	903	148	155	182	1116	2675	207	226
DRR846337	41369	29206	0.8007044789604567	0.8651662730794766	3805	59973	45680	1762	90972	68866	7682	32940	142658	35037	2949	29384	19260	69762	2881	107680	223	95775	194382	1834	178	97476	5006	2996	2564	1321	80250	105436	20493	31463	3225	2205	2170	1296	525	28829	4962	1849	7782	637
SRR16945738	3539	3264	0.7775856428471281	0.9485632305160555	2863	1910	2999	2081	2872	1875	6596	4291	863	1879	79	984	1715	4498	4675	9199	189	770	10253	1178	59	19758	168	291	376	1944	34876	21893	1663	7761	1729	2892	769	1592	247	51	1481	2321	1149	238
DRR846320	39482	34604	0.8496451718809908	1.2033924366499138	34024	28634	58909	19425	45389	45559	35640	87496	35023	33599	889	42561	23505	81625	2293	90477	65	37645	275757	214	433	81017	1771	1978	10233	1882	309737	206025	20088	67181	7539	10088	22346	17907	109	5374	31201	10269	8226	5697
SRR10312491	42505	37676	0.7724098827342519	0.9096483937411918	2858	61314	39296	2799	7604	47839	10467	53073	421	23351	67	9042	1749	103354	1221	84402	689	14373	157499	57	3157	110632	106	1905	6285	552	111770	204310	25014	70033	36260	44363	9844	2769	878	315	14	438	7137	7245
SRR29699975	19822	18111	0.7569177384562358	0.8747563967753242	5519	21701	38950	5904	36051	32324	14059	55449	70802	13763	4218	16994	7186	47337	126	28516	249	18541	99126	245	69	47798	127	1036	4388	48	138230	94946	11011	33672	7758	1808	4590	3230	146	927	3484	6111	11103	11106
SRR30952018	17051	15203	0.588579615069961	0.5569807430117957	5775	9380	10806	2940	19129	10477	4371	16984	3298	7963	271	2090	1245	30875	2318	36026	1777	4288	17713	18	31	17561	141	66	2074	986	100778	42100	7409	10374	2704	11930	3532	1746	11	241	1204	315	882	1752
SRR29699985	15101	13224	0.6745534546319419	0.7170811904561167	5171	16930	31550	6200	14750	21775	15257	33414	25107	10567	1281	12258	9055	43414	519	32101	902	12939	88528	993	79	24056	353	748	5442	104	78790	75710	10825	21475	4159	3028	8010	2312	315	3063	4804	4652	6844	6223
ERR1725982	1299	1190	0.709150518119548	0.6543296791712763	695	1319	1729	913	1749	1022	3764	1573	609	395	5	554	241	2321	2214	1751	28	968	1879	579	1	3311	410	0	215	36	11222	7255	207	4045	490	644	83	287	38	60	218	111	1026	46
SRR30951346	7944	9045	0.7412163168080989	0.8461315373956756	5746	3606	3996	1626	2555	547	6673	3662	282	1651	66	205	674	1986	8036	22035	46	324	6132	501	25	26659	93	86	303	5128	66686	19040	2393	8031	613	4501	379	1079	33	30	932	219	359	471
SRR1217564	6110	3184	0.6258986420520103	0.8363014340612991	6755	10486	6737	51	4183	4710	3530	13024	1451	4349	184	548	119	16948	24	29798	175	1824	33578	18	8	12241	55	37	442	26	15484	18790	5436	8367	2078	1254	497	18	15	87	36	118	429	455
SRR23617167	30680	27934	0.7351202271091305	0.9007297917875268	30028	25035	17345	16446	26102	1225	34660	24680	352	11626	222	261	7535	6002	49209	70324	53	1564	25381	32366	129	238927	187	884	1745	20139	312716	109025	8280	33235	16705	11840	3983	19230	204	51	5624	3746	5996	131
SRR12825433	11168	10629	0.7939683699778711	1.0179108250354334	15927	14441	13058	7286	9775	2187	17400	14762	159	5389	174	945	5467	3856	12124	24801	187	1686	24465	15953	529	88323	136	1776	1134	9869	105635	47745	5781	11975	7591	5626	4110	4287	896	47	2326	3606	1297	203
SRR20069391	15105	15822	0.7633224299311558	0.8292810577541089	7109	5890	8543	5364	7554	6679	18503	11360	2931	5778	427	3815	2374	19922	15130	35258	249	4356	25453	1043	43	41652	721	117	2289	4060	160209	63190	3388	31744	1499	9013	1855	3570	17	52	5049	1679	4999	325
SRR28023071	2294	1773	0.7846366508688783	0.979064222917598	5480	3776	2112	1695	3013	299	5765	3706	87	1179	27	340	1083	348	5692	5498	9	742	4413	6081	49	28447	100	470	118	1858	25321	13251	870	2274	3171	1273	2050	1494	83	3	855	901	112	165
SRR28144555	22791	22480	0.5689663723189605	0.5574089599414106	15271	7685	17712	1906	30932	22888	6561	26175	14932	10711	2385	2525	568	42827	404	50318	5861	8234	42056	168	1086	24843	331	31	5974	94	165745	58502	16698	16024	2908	9732	1274	173	3	118	2958	639	3845	4130
SRR30952008	11538	10960	0.5824802398473699	0.5571817466113994	5547	6800	7882	1646	13678	6108	4396	10545	2008	6193	327	1331	832	21558	2492	24821	910	2427	12235	43	153	12972	88	104	1261	963	71399	28883	4956	7810	1656	8016	1883	627	28	108	1093	345	1088	1273
SRR30905123	3505	3009	0.7520916007380634	1.0326484660849986	1859	5872	9850	1039	2979	3729	5436	6860	1174	2906	89	1644	1435	8584	763	8968	140	2632	20905	56	227	10615	68	765	660	696	15168	23983	3838	6002	2284	1850	1587	338	342	566	207	1914	3213	1842
SRR30756415	3218	2882	0.8208359360147742	1.05463217938631	4951	5528	4722	2007	3381	744	5810	4987	165	2476	48	328	3046	1164	5080	8333	102	302	9574	1791	30	30611	23	440	134	3331	39374	25342	2458	6107	5419	3510	1072	1921	305	6	862	1675	1762	245
SRR16945784	4241	3812	0.7469282336631407	0.9007677673596957	2454	2841	4552	2303	1203	3033	7096	7820	529	2105	37	1625	1263	7116	4746	10419	701	1760	15112	2102	52	16084	33	180	811	1349	29188	21361	2217	8179	1185	2326	1200	1901	262	43	968	1846	948	286
SRR6262230	3759	2995	0.7934206203951382	1.0276101512771763	4718	1441	3027	2227	2361	659	6237	4234	104	3200	42	262	2113	1221	4443	7749	139	300	9158	3304	13	23945	28	358	230	1979	32524	19269	1325	6948	2546	2157	638	2565	81	1	672	1117	1127	92
SRR33214771	35990	32954	0.6149313179254978	0.5789437107003755	1684	91292	40746	5187	1013	27100	33915	45809	33	17773	37	15201	698	57083	2956	44356	512	23437	78496	17	381	80338	28	2176	8390	282	73540	115265	13731	13817	8652	19585	30417	2	3857	5345	7	666	18012	1174
SRR22808029	14293	12984	0.7792780380270047	1.0687775445383507	10816	20060	24233	6926	6494	12161	23904	28482	2963	9678	1178	8725	8484	40020	7526	39392	1157	6907	73035	12343	1194	59452	392	3874	2675	6171	93224	88624	10775	30324	6884	7020	5923	3325	2485	710	3848	4657	6789	5884
SRR31818010	63946	70039	0.8908761025978179	1.0953303136245351	16140	83640	96718	9151	113381	57175	23830	138417	239321	50567	32212	48004	23409	183190	60	49259	1985	26877	286147	2272	6	108363	60	368	6799	167	766921	305897	24209	154307	26602	918	11999	12957	26	312	12308	29563	22135	10561
SRR1297185	40482	35010	0.6707210584545612	0.6050409637044347	846	74855	23119	452	176	3	2360	32941	5	2	0	99	1123	37	859	5316	2	1	8276	13990	140	178439	1	686	1	580	27270	35688	10657	1629	794	368	21447	27	1	0	0	0	383	382
SRR15526462	13392	12332	0.6352448038456248	0.6636500754147813	6344	8755	12743	1732	20749	8076	4738	15713	13301	6863	2619	4612	2466	25004	74	13823	453	4879	20348	38	99	11965	986	466	3299	129	48940	36261	3205	15068	2051	6390	1841	148	349	819	200	268	3880	2042
SRR9330146	10324	9939	0.8957367705586583	1.147091038971347	3982	4000	24253	1452	17597	20990	4302	17763	38138	13407	2937	11941	4459	20295	29	21071	3	17341	77061	519	61	30304	448	230	2257	31	85275	47459	3195	17427	2199	480	6978	2549	8	1859	6828	1790	2059	2087
SRR26389831	34331	29416	0.7878543601244546	0.7529753843028374	44805	72504	60917	15160	67039	90624	63958	59439	139899	24859	5091	8552	12030	80207	43971	12483	30756	66611	161029	42200	17	378361	38006	576	8975	2683	345290	210273	15982	69963	40396	33506	2849	2888	6577	2067	28743	4898	789	1615
SRR22259525	7212	7335	0.9119548486403284	1.3114249413604377	13492	4841	4607	2111	15057	0	20112	18776	115	397	140	399	7200	1399	9005	15592	0	293	14756	7171	31	56421	0	401	35	11054	81022	43846	878	2237	12782	4961	4178	1101	17	20	9108	8557	7	0
ERR1713347	10445	10041	0.7283066139316228	0.6454066355252126	6328	8676	8277	6390	8068	12106	18972	10710	5876	4261	121	2405	883	15648	14858	8479	140	7351	12427	3491	19	27893	3244	39	1114	741	54558	33785	1926	13596	4287	5931	1226	1048	404	499	1943	484	2164	277
SRR10312494	17782	16585	0.6535022087079357	0.6809933918318709	8130	44884	30363	563	2376	26552	8128	31937	823	11385	24	6349	685	49041	1185	36417	106	18455	70132	18	95	49652	70	416	3970	69	35155	112406	11609	14789	19050	12431	18493	89	782	7177	28	9213	18188	557
SRR30951349	7836	8593	0.7427269642770588	0.8821600054101576	5725	4650	4343	1770	2613	607	6961	4358	264	1888	52	275	850	2576	8065	20722	56	366	7115	631	37	27874	64	110	349	4720	63853	20873	3093	7877	736	4254	479	1497	25	66	1530	279	335	702
SRR27216451	4336	4090	0.6921719717701282	0.8285310290652003	4050	2912	2217	865	1155	1079	4431	3021	82	1096	55	10	412	1738	3239	10267	1	378	4833	401	0	13990	23	1	214	2201	29005	10403	1870	2457	536	1815	431	727	0	72	1240	577	53	625
SRR29699971	19909	17987	0.660197504499185	0.7064559232463796	8337	17767	36558	10936	11677	26715	22647	40969	16632	13420	1283	14305	9713	46460	2016	37447	1114	15227	95961	1126	91	30637	523	756	6926	368	94877	94359	12691	29719	4776	5905	8761	3490	350	2332	6873	5562	6681	7219
SRR33151381	54412	57099	0.7669886958020423	0.965191046629971	146	166629	46779	443	218	864	44959	53002	26	28884	0	18106	2448	100772	39	5217	31	6145	195216	27	29891	139003	12	348	4002	17	56449	185205	36707	47541	6405	2576	87348	0	3829	26	17	73	603	80
ERR2004612	1645	1585	0.8817431774910091	1.111675622862726	1550	2152	1856	586	3330	2396	3147	3864	3568	1156	287	684	661	4060	864	2257	96	1793	7955	673	11	7811	821	136	212	393	14715	11273	983	3454	1378	1134	286	341	623	18	816	959	391	890
SRR20069382	12524	11548	0.7782472963181168	0.9592312601246871	8020	12975	17181	5546	12001	13194	14688	27147	10954	8504	1040	9435	7169	33768	2971	30749	327	8325	63908	1811	503	35271	399	1027	2580	2375	90137	69095	7891	23335	6350	4939	3923	2586	886	952	4631	4793	4997	3812
SRR22299278	13241	17202	0.7157742153802641	1.0968263966277436	5857	26182	11848	2718	10668	11435	8598	13479	6375	1387	86	1318	9327	6488	4211	22180	114	4814	30559	5217	0	178062	8221	6856	393	3265	42974	42464	8259	13878	4087	4526	1962	321	111	449	3872	599	76	4324
SRR13197465	37422	39923	0.7644198416678454	1.111144719113482	19856	96418	27454	18911	15614	10406	24046	30919	15708	3845	1818	3364	17986	10498	24299	67371	11754	4319	65413	88037	1230	343865	2026	1971	1167	12588	330348	154913	58466	43093	12265	12347	4922	11815	433	16	3752	466	4023	3315
ERR599110	41749	38282	0.5233553141653948	0.5132740505852348	17877	17714	19147	1932	55399	39922	1722	32461	20454	16797	128	1590	1437	92521	618	119039	5805	9212	64956	107	7	31922	133	8	5135	256	233431	68770	15841	7273	5865	23982	5915	184	7	290	858	564	1199	6792
SRR30952020	14174	12313	0.6631846056248678	0.7716669809541769	5612	16117	11647	2421	11360	10002	6406	16639	2069	7257	299	2354	1280	22474	2184	28015	1214	3508	19049	72	8	23783	226	68	1526	3382	84740	43258	7823	10066	2625	7977	3167	1020	40	302	4427	375	1421	4015
SRR29090687	9197	8655	0.6534571244744363	0.657449731814939	3873	7434	8111	1611	11230	8724	4698	9495	5119	5320	517	1086	534	16859	939	13912	2388	4984	18737	27	277	7176	203	76	2550	94	68959	24597	2670	7815	1997	8318	643	524	5	95	107	186	597	1640
SRR27973487	1718	1443	0.7886753246753246	1.0201669636994652	2168	2923	1375	904	1152	207	2547	2019	12	809	9	77	906	491	2258	4902	26	133	2722	4940	40	15298	50	417	93	1568	14148	7809	1078	1810	1467	659	811	683	123	11	349	476	295	47
ERR1713395	8548	6985	0.6969651638961087	0.689171974522293	5279	11639	13040	5443	13735	12646	22291	8916	17522	4709	63	2799	1146	13495	13108	9530	946	13080	14355	9970	4	39090	5699	3	1971	158	91589	60516	2458	21789	8236	11438	1365	5508	47	113	3784	2165	1611	2002
SRR16971105	31422	26083	0.8522355708541414	1.3303155310149009	43464	11573	25938	14036	31044	6890	69161	74951	1176	30411	489	1895	23252	25994	40851	88864	1386	3971	92318	24863	1005	189647	181	3842	2823	11148	291948	181635	15148	91914	6089	16071	25595	14940	824	17	3009	2763	3082	2183
SRR27973132	2289	1721	0.8364410633811552	1.0923314065510596	6044	4998	2212	1528	3332	199	5143	3712	100	1130	39	286	1205	207	5582	5747	2	665	4024	5791	33	33380	55	499	78	1961	29281	14255	863	2104	3316	1389	2046	1811	70	0	1130	1086	171	269
ERR10123273	7925	6960	0.5344820098582068	0.5782890460338409	3181	4234	4418	486	8382	5716	780	7160	2868	4054	129	504	299	17828	113	17782	688	1941	13048	55	1	5764	88	1	912	76	38082	16842	4455	2135	1044	4436	789	26	1	58	401	260	325	2912
SRR33151385	41784	37546	0.7076122127886956	0.7047275032522634	5089	49752	52790	8844	8240	45757	7284	58177	2367	23396	146	10965	590	73592	401	37247	6904	32129	144407	43	423	120539	393	235	7065	39	151642	202141	18804	63933	36697	43684	22198	269	136	87	98	629	6611	8995
SRR21518230	3601	3301	0.7211900740548266	1.0602940264251597	4351	2589	2659	1552	3425	908	5527	5179	136	1029	15	378	1742	1102	4732	5744	45	335	5257	452	9	25262	43	105	50	2157	36083	16939	527	5463	1223	2977	741	820	13	26	1064	3185	360	540
ERR2564003	20260	18046	0.8203392510689024	1.2620469271766293	11374	19706	33663	7287	20208	32005	19695	35276	13639	16245	2013	6576	8054	34171	889	50001	2637	19515	97018	36	1769	72211	337	7283	7404	1430	107163	125875	23282	33768	15650	17003	3615	2158	693	457	437	5201	11584	12027
SRR27943548	2401	1976	0.8567930965281959	1.1257314218841428	6303	8661	2283	1366	2207	180	2928	2160	4	232	35	210	1322	178	3812	6065	1	287	2985	6208	13	43387	83	709	92	3537	37335	13221	608	1193	3473	1464	2132	1583	162	0	393	1582	66	565
SRR16945733	3942	3634	0.8249201697213595	1.0564461861219967	3695	1393	2796	2293	2583	1264	6558	4175	1649	1887	34	516	1866	3824	3866	10126	93	367	9922	2285	144	26992	42	547	283	3036	37889	19243	1786	6464	1899	2799	585	1405	241	10	1155	2175	637	87
SRR28022528	1796	1384	0.7950131499089622	1.0237326751471425	4113	2045	1894	1316	1963	281	4295	3582	23	1233	28	186	887	217	3943	4482	5	532	3974	5418	58	20118	89	469	118	1273	16343	10268	840	1927	2046	871	1803	1238	60	1	621	709	77	75
SRR19434976	14344	18171	1.6423788642442547	1.981154817479146	149	79	32604	55	5224	3272	2147	39695	17808	21823	6	12890	1388	52354	50	3853	4	8493	21699	202	0	138187	10	358	1	0	76524	48629	4079	9420	4200	67	1110	17	0	0	17	9	63	29647
SRR6507277	13480	9481	0.531563705036161	0.6071523128711374	5056	5879	6695	494	12492	10988	54	9752	3856	7482	3	631	815	28113	18	34215	3039	2067	21242	9	0	4636	60	0	2442	5	68654	22377	6458	1201	1653	7923	552	3	0	169	14	6	110	4288
SRR25522561	41454	51100	0.6674548128646671	1.08685520664596	2207	2547	32583	429	4313	3213	18772	1851	946	27877	6	5492	2236	31456	3000	3448	1	650	126395	2760	51	85549	12	507	46	899	72807	123182	60392	60503	916	47	430	52	2	3	41	36	754	6
SRR22573057	3844	3220	0.837961419385568	1.2010368157455409	5687	1512	2975	1973	3550	894	6250	5069	234	2949	134	86	2110	1074	3470	9262	67	257	7567	3502	126	34683	278	1152	200	4279	40230	20357	2714	5932	2776	2086	1733	2298	399	0	879	754	708	78
SRR33648766	1634	1472	0.7125074686317466	0.9106150259996414	1449	1619	1270	861	481	400	3022	1819	50	361	3	208	625	1566	1694	4826	28	266	3676	3225	193	11335	46	249	100	1627	8440	6035	1084	1655	530	445	772	496	170	8	227	476	122	50
SRR16945732	3424	3090	0.7707920301348137	0.9470313542361575	3622	2242	3276	1956	2556	968	6202	4359	531	1621	73	847	1129	3424	5130	7950	100	621	7737	3209	155	19702	94	103	254	1382	34012	21758	1875	7476	2015	2459	810	2319	115	18	991	2165	991	524
SRR20069379	12536	12928	0.917944431000726	1.1730247099799798	13894	7750	5667	3308	17099	3747	6604	10544	421	7588	231	4875	4744	9297	405	33862	55	1892	19947	147	49	27193	173	510	524	2485	108832	49160	945	16085	4123	6066	7687	1230	6	601	5947	1305	484	4681
SRR29270174	27225	29316	0.7738365932754026	1.0166023245307816	18922	16001	17665	5965	9657	5246	20315	17950	1762	8076	121	1231	1935	12541	17590	68009	80	1611	30508	2171	117	101457	145	460	847	16518	225195	75998	12352	20689	3510	15972	2683	8065	154	220	6214	1595	741	3803
ERR1713410	5332	5631	0.7406767400739431	0.6975640399246179	3227	6468	4552	2952	4326	12115	10874	4443	3800	1954	89	1316	809	12206	6019	6179	402	5858	16563	2485	88	14614	3599	21	768	607	27156	20795	1711	7610	2075	2789	944	568	792	486	1636	275	1707	202
SRR27973723	3768	3406	0.845697548488727	1.1050147752833768	9658	15316	3342	2030	2907	394	2582	2379	1	261	29	453	2767	413	5040	9659	0	219	5171	9582	87	69104	219	1413	124	5536	62061	18025	1104	2408	4700	2163	2682	1768	250	2	398	1874	39	637
SRR11271808	1541	1568	0.8872163807415606	1.3200271094544223	3039	2211	1792	927	2472	42	1495	1783	2	513	45	210	1143	224	2704	3373	7	263	2588	2776	33	20903	3	245	129	1669	24550	7596	368	1271	2251	768	712	1055	56	0	507	416	138	54
ERR599058	51701	47138	0.5354382982790282	0.5601134889462126	17160	43883	25040	2812	48574	44823	895	43312	22078	26964	153	2095	1533	127867	131	121348	8291	8651	86800	14	12	25721	279	12	6334	554	229127	113542	37665	6354	5679	28533	10611	442	5	244	1092	105	1442	21370
ERR1713401	5303	5556	0.7341656395371954	0.6741780143314671	4661	7883	4342	3272	6578	9625	12740	5187	4003	2342	64	1114	766	12908	7094	4498	301	5323	12474	3006	47	19748	3787	17	729	1018	30756	22039	1504	7112	4298	2266	764	515	1295	635	1291	387	1782	190
SRR10312503	31881	31497	0.7968958436380533	0.9600798757488351	2200	47940	26513	1747	2917	29323	13455	42175	230	17611	50	6598	3652	64487	1512	30106	217	8825	104152	6	3667	76613	62	3848	3629	256	84443	148741	24144	49827	16756	27478	11862	1359	1194	91	0	845	5576	9609
ERR1713370	8791	8809	0.7447646444410199	0.8691002716876224	3506	7497	7211	4887	4360	11266	16616	5866	8341	3058	99	2665	2713	22937	7670	16607	546	13637	34752	6593	312	25843	3311	611	1017	1926	30539	34305	5260	13137	3982	2373	1081	1393	642	499	4040	462	989	447
ERR1713357	5267	4545	0.725985115550333	0.748471986417657	4770	3670	8187	3700	15456	7781	15481	4278	11337	2600	21	2287	538	6007	10795	4862	539	8412	8141	6508	3	30875	3837	1	874	89	60289	33560	588	15474	5768	4580	199	2427	27	55	1698	1064	829	851
SRR5788038	7491	5373	0.5918734987990393	0.7060667071873575	2553	4062	3701	233	9335	5136	133	5720	1798	3693	12	310	435	13439	23	19935	1065	1377	11698	5	0	3789	8	0	1001	14	43374	13858	4233	1019	1335	3904	488	38	0	90	62	10	162	2517
SRR28011825	3872	3431	0.8626572249182926	1.2038487972508591	12211	13703	4510	2493	4475	251	5231	4047	8	423	52	506	2651	308	10084	9592	6	1076	7480	9989	57	69933	112	628	151	6249	70296	24487	941	2729	6791	2738	4229	3059	80	3	1243	1855	196	623
SRR15430520	25538	22855	0.7910717781299925	0.7191233436377762	7157	44913	45216	5846	38631	63451	30208	78359	222136	16427	7931	25684	923	88471	74	1430	21312	115497	192530	5573	0	115216	10702	6	18807	3	465928	150314	22560	46392	779	290	271	68	0	0	32569	17372	6088	23925
SRR25645257	32	36	0.5228758169934641	0.7973568281938326	2	83	29	8	0	0	1	36	0	0	0	3	2	8	2	78	0	0	62	8	0	339	1	4	1	0	128	199	155	41	2	0	1	0	0	0	0	0	0	0
SRR22808025	11860	10706	0.7988665673702183	1.0945670766473894	9569	18022	21318	6092	7703	10557	19505	30059	4442	9088	549	11259	7188	35744	5324	34262	724	8038	78785	7344	323	41548	157	1674	3036	5453	89607	76327	6964	29827	5394	4517	5979	3103	1959	889	4788	4726	4285	3896
SRR10589502	7461	7154	0.6894414078122917	0.7581363480644057	5399	2837	6657	173	7645	12620	4087	9520	2387	3711	1221	1731	514	13602	20	16942	36	1081	24594	8	969	16077	27	985	703	139	33943	22960	9213	5800	1388	1539	443	16	7	12	30	117	1049	3346
SRR7244336	4710	4241	0.7275615438505026	0.9776112441307254	10525	9226	9645	841	6801	443	6098	9754	80	2739	5	2364	70	5782	2321	3243	24	3707	7416	7139	1076	21197	13	1	404	3952	28474	31358	7734	6952	287	1202	67	5456	2	7	111	4729	185	4626
ERR14693531	10300	13896	1.623783841512255	1.9519880443705404	214	2508	27605	409	5447	1343	1622	36007	23084	14876	673	8991	1146	56833	13	1934	11	10591	25043	49	18	80781	12	185	401	0	65118	39950	3946	15751	916	60	228	40	6	17	35	126	758	18067
ERR10114617	13379	11523	0.5197814619442351	0.5242216276127675	4383	7458	5989	402	12039	8078	126	10382	3102	7125	43	715	611	32445	20	25996	2976	1761	19106	10	0	3891	12	0	1708	5	54881	23956	7630	1507	837	6963	633	39	0	11	134	39	97	6066
SRR24742798	8108	8089	0.6831455850373785	0.7257394789579158	5251	2743	3001	2651	1809	1122	9948	3047	289	1395	15	215	494	1940	8611	16688	58	392	4739	1645	61	20206	326	85	273	3610	46020	19563	1300	9367	1012	4358	487	1688	35	35	516	327	354	84
DRR437143	225	180	0.6988095238095238	0.788971807628524	200	186	189	98	88	101	363	122	8	83	1	8	75	88	317	445	3	22	267	190	4	963	26	10	17	57	1945	892	94	369	114	122	20	95	3	5	34	14	18	4
SRR25645261	21	24	0.5229681978798587	0.8860759493670886	4	38	17	2	0	0	0	28	0	0	0	1	0	2	1	49	0	0	38	5	0	151	0	6	0	0	68	128	82	37	5	3	0	0	0	0	0	0	0	1
ERR2592266	5951	5352	0.665755305714601	0.6781510947465317	2444	5156	5216	3103	1703	3424	10246	5028	826	2378	229	832	1213	8829	5601	12056	110	2321	11754	2833	116	12944	790	306	925	802	26353	24042	3153	7162	1983	2587	1971	1303	214	277	2668	545	1925	254
SRR5788236	2202	1812	0.6929532797029703	0.9396898334290638	862	2082	1378	342	5261	3047	156	2747	1965	832	8	141	145	2837	56	6067	465	847	4798	1	0	2398	35	0	436	200	20948	4593	995	785	652	505	431	2	0	86	404	20	75	638
SRR23617268	35907	34083	0.6977912848409078	0.8312481013063012	38799	23953	20668	19540	29755	1059	51356	19707	680	15316	287	329	7200	3957	78643	84655	82	2001	38300	44450	111	204092	281	409	1848	16179	369228	121317	5120	40956	16877	17711	3657	20985	135	25	5004	4581	6198	68
ERR1713360	3450	3380	0.7294092234582569	0.662639473878667	1834	2921	3440	2239	3590	4133	9021	3837	2619	1153	80	1470	479	6261	4983	4460	118	3057	6254	1706	22	8530	1446	9	532	200	23757	15600	825	7081	1412	1792	551	471	147	347	690	251	1866	167
SRR30905130	1552	1537	0.703451536643026	0.9679158564610217	436	1818	2018	331	1002	1232	2516	2432	857	954	23	433	835	2557	161	4369	44	1055	4981	49	238	6678	98	902	149	265	3638	5189	1190	756	379	259	925	18	71	127	2	60	1161	241
SRR12825421	15304	13972	0.8018893777126013	1.0147326275787187	9167	21129	60029	8171	15765	22697	24034	32725	10948	17495	766	10751	5446	29021	1773	29097	3051	14829	95516	75	441	44271	894	1637	7088	803	129912	101413	13968	30430	9934	14413	2751	1513	479	721	378	8001	9698	9127
ERR2004606	3348	3138	0.8570306150094825	1.216522651216223	2338	3105	3987	1264	4699	4333	4620	7748	4451	2415	616	1533	2157	7079	1097	8137	266	2734	14936	470	17	11680	83	538	480	594	38177	24664	2627	8301	1142	2730	1007	1642	45	14	2301	2235	1298	1322
SRR6448383	4874	4340	0.7657915565060708	0.9635313338779321	6492	2700	3876	2873	3482	888	8080	5913	29	3998	58	193	2288	1352	6931	11172	119	294	10917	6438	31	35699	27	518	306	3538	47201	26232	1769	8251	4386	2669	1469	3774	167	1	1021	1269	1418	38
ERR1713336	5215	5008	0.7655018411440233	0.7410541206056478	2770	4705	4643	3422	5699	10142	11655	4794	5331	1593	22	1029	1574	10405	7955	3795	142	5092	11147	1590	16	12502	2197	8	956	172	40986	22080	906	9209	2735	3305	274	292	291	364	1352	1447	1827	78
SRR30952017	12588	12423	0.6855713722671736	0.7633172399919533	7497	7608	7995	2515	5803	4741	8109	8735	1758	4318	271	1134	865	10777	7405	27440	767	2469	15207	186	46	29814	77	159	1254	4269	87537	29970	5052	9344	1683	7198	1240	1381	63	140	1378	341	923	1227
SRR11582139	7203	6333	0.7287488908606921	0.8955761419796314	3526	2478	4156	3397	1787	2713	9664	8785	168	3044	36	3750	939	14691	3584	18049	2	1403	16802	4351	46	16844	80	706	781	2038	24107	20742	2223	11025	941	1361	1491	839	368	453	1256	394	267	124
ERR1725971	3180	3073	0.7633723700378664	0.8490464679022294	3396	3274	3205	1711	2748	4319	6774	2911	1891	1130	16	1302	882	6298	3397	6260	54	2613	9787	2148	10	11997	1045	17	456	1036	25030	15847	616	5411	2341	1706	807	345	322	166	837	1308	1051	937
SRR33956857	33968	29848	0.7683128555953508	0.8380919547434732	4160	49380	36595	4562	5463	42985	5806	46276	1550	19666	51	15664	1933	72271	2384	60459	994	9620	141958	10	782	91718	150	1518	7702	141	108505	181647	9592	77782	38077	35727	4795	528	244	414	25	646	7789	6028
SRR27067733	5485	4879	1.0129312100354335	1.484792270531401	8767	1897	2935	2077	6921	442	13028	8168	1253	3678	293	282	3872	3281	2914	14980	86	962	8766	3584	67	45724	11	2370	143	7971	71639	33069	2917	8372	4299	4612	3023	2899	242	0	2900	2666	686	453
SRR25383458	51004	49341	0.6843689548569053	0.9882633096051149	1786	4962	26991	4195	38356	20924	37098	65775	328	20390	1	20750	28222	51759	174	150460	0	16130	50334	109	1576	89972	233	25698	1311	84	45211	73187	16413	19258	819	79	3648	125	4173	29	46	10	28516	71
SRR28062790	964	883	0.6928228021978022	0.749388379204893	455	685	779	514	655	374	1872	700	190	323	13	141	251	617	1870	1659	59	115	1490	604	3	3309	112	11	94	197	7500	4524	238	2212	293	636	150	309	3	11	139	377	143	13
ERR3589583	62189	51602	0.5713149004267425	0.5397017823629598	33608	15239	28161	3238	108723	73717	1923	53087	44444	28085	334	2478	1661	137849	1547	156797	19690	18641	100190	6	253	45766	450	1	12465	38	452958	72560	15930	11357	8082	28207	3453	67	0	992	448	591	1395	2038
SRR16945774	3598	3303	0.7703078718247913	0.9529181355268311	2558	2705	2412	1749	1618	1073	6448	4430	394	1168	19	379	1149	2927	4936	11820	148	447	9111	3288	230	24637	46	281	297	3801	29008	17121	2070	6143	1410	1955	796	1677	287	24	785	1203	684	87
SRR18243862	882	817	0.8290139064475348	1.0365925634467834	1297	2460	912	428	1444	323	1573	1294	290	306	13	107	557	557	1833	1644	25	83	2048	1308	0	7038	46	21	62	581	10636	6914	163	1393	2534	898	118	394	1	5	396	676	38	298
ERR15419862	2541	2332	0.744124148509045	0.9910306718987747	3465	2402	2112	1529	2857	325	4581	3413	189	1421	64	162	1267	357	3503	6475	38	306	3232	1398	3	23736	21	201	17	2405	19336	13408	1142	2563	3599	1690	844	830	53	2	1010	1048	565	62
ERR9973196	17198	17313	0.6887984482070991	0.9060967696894532	16237	12390	9226	3387	5927	3385	16596	12079	476	5023	731	1300	871	8068	15935	47273	45	907	18214	4083	358	55670	86	51	541	8097	116749	46834	6143	13830	5975	7604	1069	6214	89	179	1747	417	403	3164
SRR2090160	7156	6354	0.6065016123998752	0.632349071003737	933	567	2572	990	1826	1381	6597	6057	778	2585	34	589	2073	3260	1609	12270	185	484	7008	355	330	9091	367	1046	362	1136	17784	15736	3213	7123	609	697	1689	624	57	15	504	282	826	97
SRR28304477	12581	16723	1.4964296965242045	1.4696761674629761	1486	11902	28831	824	599	81	8477	44990	10797	10709	4	6573	361	41482	56	268	7	5925	34453	51	6	144041	4	160	5	15	45475	53588	6983	20021	8169	26	7866	100	2	0	19	163	26	10213
SRR16945788	5521	4847	0.7407581753188485	0.7829012770513115	3943	2814	4910	2643	3410	1671	10261	3129	504	2343	99	998	2836	2560	9131	9357	402	574	9617	2118	31	25533	396	211	381	1622	42675	30990	1624	14075	2038	4090	528	2304	97	0	1542	2973	1532	187
ERR13337194	11955	10521	1.0649318997759676	1.6466920039850927	14041	8761	9641	4565	16221	5822	19950	24942	7379	7188	1369	2381	9924	19063	3783	29064	42	1522	26374	2587	291	59484	581	8527	443	14507	177596	74493	4877	15734	8626	13276	12804	3100	77	19	5154	9247	928	651
SRR27943023	1950	1784	0.8847695863402669	1.197083517454706	3795	1840	1647	1120	2720	684	4459	3056	490	1368	42	473	1699	1385	2881	5331	59	527	5907	2534	20	19831	31	426	71	1705	28890	16180	962	4191	2209	2558	997	1163	72	4	1294	1891	687	152
SRR15430505	20866	22348	1.3967214306862037	1.8073861453753894	4105	5915	71659	4970	24859	15773	30379	128883	76917	30533	983	16451	4164	97061	692	14062	348	28642	111282	18	19	244554	979	2228	540	3	181670	109258	12488	29928	9926	3455	4265	2451	40	105	2370	1564	2058	40608
ERR1713382	16437	14000	0.7072580224861771	0.7005268612886509	9536	14206	26023	10431	25109	29956	34752	16921	57212	11338	65	3658	3862	21486	20055	16710	494	36137	23919	18936	12	68436	5311	10	5767	212	185300	120187	6262	34374	19233	24001	1394	6218	125	488	10694	7408	1914	8076
ERR1713376	5935	5326	0.7201792072313534	0.7128299711815562	3401	4790	7741	2953	7373	13693	14092	4820	9994	2713	370	2006	1089	11259	6574	4637	809	10075	16538	2479	10	19751	6149	73	1362	136	39347	29133	2281	10104	4802	3188	1410	664	246	518	2657	785	1819	659
ERR9973194	37029	35980	0.6885466028268029	0.8372670442441472	27668	30944	21642	9798	14584	5974	38114	24266	3172	12358	283	4387	873	21654	36865	91851	92	2157	42426	13229	1322	141142	65	25	1871	16062	287349	122420	15894	33152	8404	24930	6025	18223	141	161	4474	890	292	9834
SRR18243874	843	766	0.7381028766976794	0.9039471125802061	1049	2397	1016	353	1412	149	1526	1216	221	277	2	82	438	385	1962	1432	8	40	1772	1245	2	6407	45	10	37	486	9210	7366	164	1377	2998	891	133	422	3	2	323	737	60	256
SRR23617250	31924	30031	0.790791887963851	1.0301985958269237	45809	8690	18237	18879	31512	2158	51545	33430	1055	19513	725	519	9493	3686	47983	85080	323	1956	42923	20736	89	273419	190	1421	2258	24091	392575	145185	11833	46085	20638	18023	7197	18149	1048	1	8815	6308	6996	92
SRR28144511	15776	15939	0.6043100797199158	0.5872965916812704	7968	8190	17499	2436	20347	20910	7114	21253	16759	9358	2598	3147	499	33746	326	29750	4478	8690	38546	218	941	21044	796	25	5508	101	138156	56469	10189	19937	3408	7475	1008	166	1	37	3015	2599	2202	6432
SRR22573061	3451	2997	0.8629238945692934	1.242666124358127	8662	6635	3573	2180	3864	152	3620	5295	19	749	41	212	2501	136	5920	8025	5	230	6414	6720	308	53916	84	713	135	3983	48465	18501	997	2324	5175	1730	3275	2603	153	0	934	958	196	156
ERR12510893	9576	9837	0.7795562599049128	0.9337334564481379	10747	6432	20416	6127	46194	25619	23836	16806	33358	6289	99	3529	1513	17717	12273	6172	653	14748	37157	11900	14	60740	7314	63	2897	325	144375	93158	1964	28262	18857	12334	914	6299	648	333	11200	3041	1476	7830
ERR9973199	26788	28020	0.7405804488329799	0.9895715088955135	26766	34665	24463	4534	12054	5015	33415	18364	2030	9185	101	1279	1546	16862	30440	65262	395	1768	36858	11447	181	83301	83	117	1812	12123	186270	90997	25346	20851	3705	8017	3040	12210	92	174	10750	1191	554	5067
SRR30888636	2774	2411	0.6491975995872593	0.9095308226383337	164	264	735	98	1211	916	2148	2713	66	457	0	581	1133	2866	14	6795	24	537	2934	1	130	3122	1	641	120	10	2764	3141	539	692	42	95	50	31	39	3	3	4	1587	56
SRR19681066	10901	8692	0.7882186605201563	1.0350786101476666	10481	7216	6880	5335	10277	1948	22536	10471	3667	4767	121	1530	5673	4048	20198	33187	128	605	22282	2813	40	103009	86	898	56	9220	69416	79098	4210	26068	12604	12693	3297	5505	173	8	4536	6965	2231	808
ERR2681674	12449	11715	0.7411587984685178	0.9171737872127403	9597	2651	6103	2503	5141	762	8920	3929	561	3039	154	90	267	1313	7365	23278	111	272	9834	462	11	37944	299	40	560	5322	91994	16438	2766	5680	495	3548	236	2034	109	3	553	49	832	133
SRR30689430	926	834	0.6773663902799442	0.6957339117859725	702	1228	1151	518	1456	531	1804	1056	962	457	6	176	175	592	1717	1611	48	586	1499	1229	1	5267	297	0	70	83	10924	5468	142	2177	686	1087	21	751	1	0	212	106	77	208
ERR1713406	9286	9486	0.7738007660891403	0.8221822811353254	9196	9642	8821	4592	8075	13132	20969	8611	5952	3088	111	3698	2587	18887	10173	19610	200	7972	29853	6550	19	34730	3279	51	1454	2733	74414	47958	1877	16742	6751	5208	2621	1106	1018	540	2645	3573	3210	2667
SRR10907116	13441	13202	0.9389200811523088	1.2452142206016408	15142	5345	8511	8241	19476	737	31136	30310	328	5468	385	204	14879	717	8395	40504	3	327	9522	10958	117	142703	68	5877	204	25464	209010	62738	5238	5510	9241	10565	10138	3371	295	25	14931	2962	423	39
SRR19681049	11617	9497	0.8596551438478562	1.2269162285908088	14928	11770	7840	5374	18773	393	28537	19408	3118	4691	129	1836	6575	4683	18726	34066	22	580	18775	2447	119	126570	31	3381	11	17157	90061	89158	5203	16527	22043	12386	6811	7053	274	2	7674	8852	1354	979
SRR27067732	1329	1275	0.8654294145053579	1.286153416235853	2009	4161	894	661	1168	31	710	1025	42	131	13	61	762	105	1156	3694	72	58	2128	1938	20	18523	18	228	33	1260	12624	5609	880	1096	1513	336	485	584	65	0	236	261	88	65
ERR1713355	11642	11637	0.7432738814993954	0.6914395996205555	5434	12316	10483	7053	13492	23745	25530	9229	9726	4136	83	3298	2950	24278	18494	10522	592	10602	26498	4177	99	26666	6500	31	1486	608	80091	46852	2480	20365	5745	4542	1133	550	1229	1253	2745	579	5753	478
SRR22573045	3760	3336	0.9545277684106768	1.3515373570332228	7146	2820	3045	1939	4329	336	7462	7141	440	2098	110	125	2701	477	3951	9177	15	312	4990	2667	63	42538	55	1427	93	5306	54656	23632	1701	4351	5191	2705	2223	1898	210	0	2800	1931	491	131
SRR29270195	36743	35049	0.8251775781331635	1.1128415478438267	24216	26741	28021	8077	12679	5932	30286	24281	2848	11855	125	1320	3450	20348	20912	72592	113	1729	38000	1608	305	124813	119	336	1405	19744	291472	117408	26163	28328	3579	16650	4367	8931	65	285	17460	3476	1629	6475
SRR6824013	3906	3086	0.8044893482978277	1.0927826379542396	3439	1058	3198	2292	2919	846	6624	4218	44	2971	71	406	2042	1447	3462	9232	175	399	9112	5492	93	25890	14	787	337	3494	34780	18883	1854	6780	1707	2006	959	2277	177	5	762	1416	909	31
SRR33939670	55075	52926	0.6897034122220964	0.6778371271263045	2543	83283	44250	9531	1245	18877	52871	89072	83	24826	7	2373	5566	76616	4153	30227	122	7927	171668	0	102	86166	4	3439	3299	621	106715	255168	74897	64994	27212	16667	42677	5	2095	78	0	1788	16042	8713
SRR31840444	4799	4318	0.7961239713912174	1.0888629256726572	5351	11478	3238	2200	2115	433	2075	2755	12	1022	6	120	2582	524	7196	13676	15	650	5367	17999	263	59166	212	971	194	4258	48220	15073	1721	2369	3090	620	4535	1744	25	0	130	750	45	44
SRR27943278	2684	2568	0.8718290165789999	1.1513798449612402	6088	5160	2204	1737	3964	409	7022	5136	488	1455	40	556	1809	797	4394	7285	22	579	5697	5877	41	33192	99	965	96	2913	41519	21417	1184	3653	4503	2868	2525	1532	134	6	2126	2354	394	138
SRR25694627	7368	7668	0.8392257358246461	1.2061122053497682	5202	24271	14434	4481	2746	11516	9018	17692	120	3732	43	2297	1367	10409	3161	8119	75	581	17730	809	12	39089	40	37	265	5342	36446	57097	14264	6130	1895	2715	5826	1032	60	149	16044	1620	349	7013
SRR21547730	6024	5993	0.7797197291765077	0.8716478453564364	8482	6372	6663	3993	10453	3159	13923	6292	4037	3420	209	622	4329	3382	12187	15626	15	1061	17227	13503	1	58225	167	69	291	941	121753	55989	1839	20049	14134	6850	1134	6063	0	8	3100	1658	397	757
ERR14693526	48155	60433	1.5457427031046662	1.8928882451621183	28	6	82537	5	3612	1483	1335	95306	89154	68967	0	44094	797	131945	2	2160	0	4714	87143	0	0	409048	1	100	0	0	237693	108750	4744	15654	9035	2	2484	24	1	0	1	3	0	76802
SRR11582174	3541	3933	0.7178946929238985	0.7632349789240551	809	897	4112	2129	513	1113	7984	7777	191	842	17	2375	235	5950	4691	6508	24	498	12643	988	28	3518	83	75	357	231	32414	18219	679	8993	558	546	296	632	22	39	2846	135	3337	136
ERR1713396	13510	12783	0.7208222811671088	0.6702110443697703	8514	15548	12324	7852	8343	31814	23796	9637	10928	3713	126	2489	2263	30248	15946	12715	1213	18705	42627	4859	67	41056	9563	59	3322	682	62845	57998	4501	20181	5757	9948	4493	1200	1467	967	3495	1677	3835	477
SRR28062124	868	904	0.7714776632302406	1.007311129163282	1295	653	1190	596	1074	729	1935	1326	266	525	14	196	394	1056	1242	2147	67	379	2495	1335	9	5925	49	139	107	515	9630	5721	479	1546	598	836	380	385	24	30	324	771	134	214
SRR23617257	20090	19028	0.7065897201493289	0.8328589270672979	16914	3481	9881	10568	14779	1465	36444	16410	2217	9904	153	1335	4199	6294	35614	48683	173	1334	25160	6311	118	84355	44	191	1901	4146	209302	94977	3520	45071	3797	14128	608	12062	89	9	3348	7012	5260	73
SRR22573024	3719	3213	0.9664276314022507	1.4461498303315061	5893	1477	2599	2096	4589	483	7606	5746	393	2385	140	333	2702	1735	3233	8937	73	258	6411	1833	43	36736	13	1485	126	4093	53538	25763	1951	6401	4860	3043	1484	1859	79	1	2426	2820	786	53
SRR27973958	3133	2799	0.819367801454566	1.092864937899496	7508	11174	3253	1766	2792	243	3763	3176	6	503	46	270	1812	385	5228	8243	3	405	4574	8484	163	43656	94	1646	136	3534	39200	16790	962	1761	3877	1680	3040	1094	218	13	852	2711	86	496
SRR4241755	9265	8650	0.8340150727992529	1.127291146397776	24577	10027	11428	5569	10867	1991	24557	23004	324	8631	186	1078	7129	1992	22346	28934	113	1526	18726	20060	79	131772	27	2384	40	13735	99397	70673	2835	16781	16984	8082	5793	8351	311	2	4183	5322	1588	441
SRR29270164	28685	29196	0.7938825613694427	1.0577705620947684	18353	17788	18503	5868	9449	4763	20270	19331	2309	8560	60	783	2178	14001	16707	65779	135	1774	30253	1112	139	96768	80	390	995	17018	236938	82102	16285	19662	3144	15777	3107	7706	32	346	9170	1652	913	4308
SRR28149491	9221	8810	1.0012931552989295	1.3320550373853388	4386	9746	32673	3701	13976	15238	12308	43946	21137	10352	1454	6110	5946	30938	3869	17003	460	15028	58369	416	156	78471	51	2154	2064	477	88355	80497	10384	24049	5707	11541	2223	2219	268	234	1679	4142	6510	11541
SRR19681044	10258	8491	0.7823233320173707	1.0217457026863608	9103	7169	6790	5027	9333	2345	19411	9272	3439	4378	78	1523	5650	3575	18320	31320	144	618	20284	3149	25	86834	87	772	47	7431	66769	77692	3393	25925	12008	12305	2887	5131	173	6	4679	7972	2413	800
SRR28023971	2040	1735	0.8369477551751949	1.089715899651105	5030	2252	1899	1261	3137	451	5964	3685	315	1255	45	355	1092	957	3723	5481	50	520	4954	3372	18	23753	85	500	79	2397	28957	14958	858	3474	2723	1889	1397	1290	83	2	1151	1634	313	144
ERR1725968	971	905	0.7713675213675214	0.7783490431305341	654	882	1030	533	997	1895	1927	966	866	486	9	413	183	1709	1131	1265	72	1243	3250	375	3	2667	526	22	119	64	7081	4547	330	2197	343	374	94	243	61	83	383	35	347	57
SRR9330152	11115	11406	1.2069799941849013	1.535627822944896	3189	1873	24069	401	19458	4388	270	15959	47692	19937	4594	10159	4685	32656	8	4716	1	7676	45045	3	0	64704	6	115	577	1	67396	72259	244	48631	2106	35	4429	12	0	239	6147	1412	76	8928
SRR22573058	3469	2937	0.8574741443650709	1.202633687162027	7545	4419	3242	2173	3520	219	3607	5510	33	1394	55	103	2222	160	3643	7779	6	131	4199	4910	228	50730	76	899	132	3701	42791	16550	1095	2694	4442	1415	3015	2058	299	0	836	463	115	118
SRR28304478	9423	12206	1.6389323207505027	1.9483153210425939	339	4990	27196	1051	2937	1107	10672	53815	26182	13807	6	7178	587	40509	111	1798	0	24058	31649	42	1	113953	2	726	125	0	37639	32214	3191	5650	3032	267	4769	191	1	0	37	2120	257	12699
ERR3230151	5356	5749	0.8907048684058163	1.2387592137592138	6441	1749	5239	2944	10717	5755	10603	6716	9799	2331	264	2725	5048	8087	3970	12416	63	1936	15178	722	38	47651	468	676	211	3560	82406	48436	1956	11420	6177	9895	1401	2038	149	50	4351	9636	826	537
SRR14844118	10974	8798	0.8114609723730245	1.0683355987393388	8424	10365	23882	3806	10971	18603	4343	18897	8332	6182	768	5420	2378	18361	203	24823	1965	11577	60749	77	731	36762	751	1204	4001	277	93748	71374	8568	22846	6809	10162	1724	855	130	1285	785	7551	5248	5411
SRR22573006	4129	3676	0.8374764272244128	1.1498483155037522	6261	3167	3474	2483	4247	615	7513	5791	146	2970	94	179	2226	639	6136	10214	48	250	7718	1616	80	42242	42	656	151	3431	45740	23398	2106	7118	4336	2289	928	2555	87	0	1478	1614	844	43
SRR25522564	35895	44418	0.6856786112367161	1.0960807817406908	2796	17112	34892	1365	420	3414	12483	14873	43	16132	2	16962	4832	38465	3410	57373	0	2224	97934	164	3373	69412	5	681	665	263	81436	61686	17115	38386	372	369	4429	78	352	51	300	47	112	75
DRR163693	7345	9167	0.7942210038269061	1.5294117647058822	157	13392	8673	5	17	9	89	8478	12	1	2	2	5073	3	2	22689	0	15	19702	1290	192	98931	0	587	4	10	19996	17764	15685	1228	699	6	139	2	0	0	0	2	0	3
SRR31942765	11075	10762	0.5136228529602318	0.5062853219246818	3583	7222	6613	570	10755	6824	75	9272	2573	7321	25	579	650	27113	12	20559	1587	1585	16371	0	0	3975	10	0	1984	2	61066	20664	6628	1343	947	5996	1084	35	0	49	57	7	133	4385
SRR26389827	18483	16497	0.7778124725558884	1.1083409315401564	24158	26322	13271	6916	21420	18158	30754	30832	26610	6970	1080	6865	10824	24145	13595	17665	319	8171	43546	7130	45	121764	4865	2316	801	5070	201651	102527	9088	17469	19086	12884	3173	10960	988	545	5108	19904	1054	2268
ERR598983	52600	45281	0.5472191564706917	0.5376934198787954	35107	16231	27160	1560	71617	50185	6007	45981	29106	21077	149	2196	1800	114685	1280	148384	8566	13790	84833	8	1402	39309	129	2	7810	262	307696	82156	23572	15208	7712	26053	2676	172	3	685	1188	108	1528	3251
SRR14527630	10311	9539	0.6586241483069899	0.6575047561830379	4763	9762	20335	2685	15349	21816	7920	13493	14178	8174	627	3168	680	20177	1683	14899	3609	17100	33951	51	2	14119	2072	10	5046	37	117800	49975	5832	17658	6589	8828	409	334	3	99	1683	3059	504	4977
SRR12825408	21818	21625	0.6689448194415853	0.7003083998166691	14779	16044	21383	4025	23080	14229	17876	16268	12137	9306	880	2344	1069	28832	9663	26022	2298	7044	34057	283	56	27215	2008	203	5670	3345	190413	55626	5238	21145	3151	16483	1091	633	42	125	234	904	3138	3442
ERR2004609	3328	3068	0.9344993753346421	1.463294716021475	3002	3638	3557	1548	4645	3684	4736	7478	1582	2790	456	1139	2717	7665	1540	10242	164	2455	16284	363	14	14784	43	966	323	1292	38802	27221	2887	8116	1355	4581	1133	1608	212	9	1732	2150	1918	1520
SRR10907111	7679	7553	0.808768967705163	1.0441752690096864	6781	3253	4584	4340	7784	1123	14832	7915	434	4133	294	664	5580	3340	7642	20446	110	914	13358	3448	86	53818	76	1425	292	7850	88083	35432	3324	7381	4235	7804	1678	2390	78	32	3469	3046	1838	157
SRR28327204	6943	6845	0.7186366595368734	0.8494201424211597	6102	3003	3160	965	3024	450	7698	2581	340	1653	30	71	401	1831	9080	21732	33	196	5353	489	5	25742	145	19	266	3573	57266	12971	1767	4855	557	2631	583	1279	10	3	521	305	272	188
SRR21518234	2764	3074	0.828041764329853	1.1666016995400328	3319	2557	2193	1172	2123	582	5339	3328	325	830	35	202	1329	1245	4685	7097	21	151	3766	458	17	18712	36	43	39	1336	34876	16019	880	5810	887	2434	481	1028	10	10	1240	1740	416	1083
SRR23617270	31849	27136	0.7005218279980593	0.843131727439732	34759	24369	19469	15696	24833	1996	44696	22791	615	12341	195	616	6223	5284	55915	71837	143	2355	37240	43227	85	199229	189	764	1895	16631	303834	113940	8959	37890	17588	10820	5705	18727	446	75	5499	3494	4511	226
DRR163689	22628	27026	0.7477300829328104	1.4074184863894705	265	29028	19917	4	4	2	26	13505	0	0	0	2	2664	1	15	11528	0	3	26606	9	0	264378	0	1850	0	6	12705	29511	23246	6255	2	2	2	1	0	0	1	0	0	2
SRR28304480	7941	7714	1.325282196415211	1.6236361246220585	780	1064	13713	651	2050	1115	2913	24052	17150	7482	9	4560	765	19697	133	2036	3	3083	18963	295	22	60796	1	665	27	32	31015	27159	2775	4352	7193	263	2246	77	40	277	29	449	644	8814
SRR25522565	27626	36875	0.576416815993526	1.060470266846489	2663	46426	38209	451	3837	11	1126	39418	1019	10	2	8	6950	15	3108	16881	1	286	56916	2711	382	587247	4	17520	41	892	63776	119323	83204	34064	1066	15	50	34	0	0	14	13	863	0
ERR1713366	587	622	0.7440362595419847	0.6869851729818781	310	653	462	315	536	1459	1005	497	483	298	6	86	71	1401	452	447	32	762	1631	271	11	1836	438	3	80	44	2714	2193	183	623	360	225	111	75	149	64	174	27	168	34
SRR11582173	3327	2844	0.7748005337254582	1.1115327009485771	2609	1813	2797	1500	858	615	3412	5651	28	1770	18	319	1873	2274	955	7445	61	191	7057	1063	155	16243	22	628	136	2032	21733	14264	3722	4484	1222	705	1475	593	389	3	885	187	447	152
SRR28149503	16146	18393	1.4206687857934448	1.811903909162057	2009	4981	66145	3393	8958	12135	21528	94849	33025	21651	484	13067	5112	64027	2263	13428	194	23883	113947	188	30	198367	148	1967	755	35	144588	97631	9257	30783	7777	6187	2402	2789	13	6	1441	2529	4269	30178
SRR29270193	10942	10768	0.7487937408138724	0.938225202336363	7561	5463	5615	2904	3359	3028	10923	8081	814	3428	25	630	439	6162	9369	28478	96	1510	17229	709	8	40334	180	66	575	5069	86934	32660	2675	12367	1855	5701	1703	5779	158	8	774	148	529	963
SRR21518227	2084	2256	0.7729994556341862	1.1102592555230506	1527	3575	1948	559	1837	2163	1913	3039	1439	1296	181	348	645	4319	1142	5514	422	1671	6134	94	7	5785	20	10	325	263	20731	10690	679	4024	1132	2175	404	296	2	24	368	226	488	872
SRR22807998	12730	11653	0.8113999063244568	1.083490478831577	20376	25822	14378	6988	10934	2578	21473	19599	221	7726	231	2166	10763	5473	14781	31671	278	3032	32200	28598	288	99941	388	3213	983	8810	140519	80797	7733	19328	14353	9894	8911	5216	681	70	4735	5414	3645	817
SRR28149507	9989	9186	0.9371909176312104	1.1756686159187044	3818	9886	32701	3305	15311	18737	11825	43905	26027	9909	1567	6947	6330	30495	3591	18775	591	14751	58283	347	122	78928	99	2088	2403	173	91645	82906	10712	24997	4872	12521	2153	1949	177	317	1784	5402	7356	10666
ERR1713380	6836	6334	0.6981545508599617	0.6584485407066052	4741	7220	8357	4617	6679	6535	18326	6281	5538	2807	98	2364	850	9761	12412	11271	162	6434	10883	5100	6	22459	2309	15	1041	308	59600	39798	2606	17104	4046	6111	1249	2712	373	189	1244	588	3220	356
SRR33956858	24385	21032	0.6571518718368082	0.6435513851252995	9655	29997	27543	11860	7595	25817	6559	35018	4096	11267	36	5592	352	33881	390	17279	4610	13541	87070	165	13	48210	261	23	3748	66	88144	125257	12273	16478	24765	31608	24392	42	138	96	34	882	11188	3361
SRR28144533	17527	16888	0.563354709241013	0.530761442759803	11570	6418	12701	2418	24687	21003	4480	17650	10190	8522	259	1151	506	38089	342	41652	5220	8327	29317	25	955	15788	902	10	4718	59	131369	37024	11631	8295	2116	9825	1793	254	0	43	412	343	457	1855
SRR23617191	36277	36685	0.7420623783044188	0.8814235677253778	33545	17933	24589	22395	33223	1904	72925	20484	1548	17634	397	978	13083	6686	87265	88663	48	1597	28526	44660	287	186183	27	180	2037	17593	400298	175020	5983	64838	16709	29789	3833	19254	246	8	7696	14022	10843	1799
SRR12042686	32978	29944	0.6207273398406961	0.6660618352634203	22108	29899	25401	5795	32269	49333	9717	39287	24994	19326	431	3171	3152	64111	4859	76146	10271	16524	65215	2615	2	45486	416	232	9020	2727	236332	80574	16981	17127	8805	14434	4837	930	2	454	6662	581	1497	8264
SRR24958429	4931	4385	0.8275241776052149	1.0650232919254659	6533	2362	4762	3234	6700	936	10865	4970	1749	2983	93	1030	3023	2581	7412	11549	268	622	12549	3084	32	45531	76	390	173	2606	64964	33866	1594	11561	5152	5005	1212	2977	68	5	2043	2883	1163	203
ERR10123214	10808	9423	0.5430994602929838	0.5822662652858398	2810	7175	5351	523	8022	6991	365	9792	2742	5611	44	516	683	24466	164	20219	1741	1748	17637	81	0	4814	36	2	1416	53	41645	22519	7158	2045	1162	5016	735	90	0	44	144	209	264	5652
SRR28003322	1778	1472	0.7904044135756859	0.9629935720844812	3058	3348	1390	1028	1668	264	3593	2495	54	701	12	184	744	594	3187	4876	29	481	3579	5124	78	18091	190	399	98	1538	17421	9053	779	1567	1932	839	1241	793	91	80	490	1084	105	52
ERR2564004	21956	22255	0.6787102176029997	1.0684759881849257	3079	13620	25663	8533	10299	13310	30178	41011	1819	15893	488	4537	10225	23901	1828	59221	47	11177	53373	750	3628	76330	565	16219	1350	2702	45270	68578	20414	12879	4658	4565	6308	795	681	135	837	2235	12449	2622
SRR28327196	7070	7191	0.7176576398714531	0.807353811496535	6044	1873	2648	798	3902	862	7507	2754	86	846	5	38	229	1368	6662	21164	41	68	4789	124	0	28494	74	15	211	4341	68251	10241	618	3939	148	2999	490	651	1	1	376	496	372	150
SRR25645259	20	26	0.6336633663366337	0.6428571428571429	2	59	31	9	1	0	16	20	0	0	0	4	9	10	9	51	0	0	38	5	0	225	0	4	0	1	117	142	99	32	0	2	0	0	0	0	0	0	9	0
SRR27205365	10671	10442	0.5628061350468283	0.6542960359304824	1370	3118	10198	1116	1144	3720	11786	15536	597	3724	106	2343	2934	11107	1210	21785	98	1673	16987	858	807	19797	112	2914	680	679	19358	34205	6438	11659	1859	2644	3418	802	454	157	290	355	5696	433
SRR31840413	4626	4425	0.91571704542988	1.3137819359481828	12628	13973	3447	2414	4107	195	3981	3291	3	365	39	450	3349	487	7050	12707	1	311	5451	12396	17	89788	86	1112	105	7914	86687	23773	963	2553	5419	2990	4821	3403	81	3	478	1813	354	895
SRR22573056	3033	2795	0.8719915446172429	1.2128985587891603	6165	5351	2818	2120	3337	157	4234	5282	36	1173	76	216	1976	132	4122	7442	11	235	4096	4165	170	42785	72	907	113	2774	38139	16943	1207	2707	4662	1365	2101	2502	94	0	1004	867	313	121
ERR10121354	8438	7865	0.4819871984774627	0.4287278406620832	3584	2767	4582	694	10622	4929	395	5678	2590	4428	31	287	239	20470	115	18092	469	1444	9326	26	0	4568	27	1	840	20	41729	15312	3755	1426	983	5823	1183	15	9	30	193	180	109	1606
SRR28061292	2202	1999	0.7482707326143547	1.0222600408441116	2187	1873	1392	1172	895	437	3875	2318	45	636	5	211	855	1413	2250	6725	18	389	4211	5381	326	16450	45	478	124	2111	12909	7323	1088	1897	1226	505	814	524	202	18	370	551	115	13
SRR27943742	2612	2002	0.877113038365427	1.0878184991273996	5940	3634	2114	1468	4143	290	7116	4391	276	1140	57	321	1087	520	5029	6633	13	720	4062	4791	8	32271	69	678	70	2580	34837	16127	775	2745	3627	1833	1988	1572	40	1	1470	1618	184	274
SRR16945779	4275	3887	0.7495518175229813	0.9490460915076819	2635	1637	3956	2140	975	1937	6992	6431	332	1934	31	700	779	4662	4509	11942	371	825	12077	1715	271	21251	31	245	622	2328	28454	17320	2449	7044	816	1893	921	1534	311	27	632	959	639	95
ERR9973206	24513	24809	0.7026837627761797	0.8727517839546945	19411	17814	15537	4572	11253	6318	20912	14484	1178	6944	70	1459	754	12222	20554	62558	298	2084	32937	3918	1207	70291	300	58	1324	10169	176845	56798	10653	13955	5974	6545	3640	7175	36	308	2150	167	1024	5171
ERR2564005	20202	18549	0.842467746629159	1.2152908322376643	11480	26768	40992	8675	22237	34011	23111	44324	18618	16849	2994	8844	10156	43144	3097	49789	3062	22797	108857	375	1104	75281	1101	5879	5245	3924	120743	141237	19932	40099	12817	20794	4871	3355	976	880	2004	8100	15177	12232
SRR28062779	3913	2996	0.8245491063003801	1.1338958926392844	7347	3008	2884	2098	4126	1099	10666	6203	281	2695	68	578	2100	2341	5868	11816	133	914	9070	9789	174	36200	135	974	163	3166	37211	25424	2494	7109	3399	2885	1937	2261	176	7	1637	2641	733	145
SRR28149495	14886	16249	1.2280411004308915	1.5235137306922106	3534	13647	64709	2742	10313	13518	19990	97466	27930	20912	951	15185	8293	69078	2731	11956	615	14747	87042	945	218	200865	37	1755	1193	35	126653	109797	9445	34065	12560	7064	6906	1602	6	900	1821	9241	4853	21334
SRR23617251	18673	18239	0.6925349993539863	0.8148031637605608	15925	3339	9639	10184	11049	1077	30555	11862	4471	9608	145	1491	1885	6930	28474	42553	106	1512	24776	1921	486	84508	38	99	2038	2839	185471	73663	2430	35248	2758	12680	520	12201	29	56	1773	3583	2338	47
DRR846322	40308	35215	0.8783638896576745	1.2648893981980682	32269	33090	61080	19267	50421	47768	37111	95103	32989	35973	1239	45769	29470	88312	2576	98535	83	45677	301748	218	535	92128	1681	2588	10296	2454	356552	220773	22171	69144	6901	10597	26196	20533	158	5065	32093	13529	8154	6232
SRR5209944	6638	5904	0.7417828200972447	0.737476644704494	1711	6911	13961	1924	15653	13321	7521	16554	18776	3876	1048	6565	2447	18133	834	12282	363	14034	32297	28	66	20170	527	410	1499	1	39409	34267	5837	10483	1559	904	1567	866	1112	1289	1514	774	4275	4087
SRR29090698	12955	12307	0.5701339600906692	0.5499627362480007	6956	4120	8639	1296	19691	15180	1357	11226	7460	7719	125	1353	477	24475	1127	28838	3427	5424	21794	27	126	10562	82	9	3388	21	94528	17447	3569	4157	2098	5450	703	86	5	149	121	277	377	455
SRR29270188	2624	2947	0.7525288167490002	0.9706738768718802	1953	1274	1408	732	743	524	2102	1745	243	845	16	118	198	1167	2394	8175	46	294	3615	188	9	10733	71	89	118	1673	24145	7767	725	2713	348	1968	266	1125	8	4	315	55	106	134
ERR9973207	17744	16902	0.7194835163867286	0.7939953030744907	16844	10927	16274	9586	13849	12224	31731	17460	6041	10693	237	3736	5196	16628	27918	43593	1362	5302	39696	19557	28	72666	1549	205	2012	3046	186663	104293	4796	49849	8256	13209	1362	10268	75	15	5631	4739	5414	679
SRR24742820	8738	8079	0.6575750571435909	0.6384591185975348	3876	2451	2637	3692	1085	1483	9050	3159	171	1432	58	217	945	1656	5338	9328	33	468	3771	2232	52	15647	419	278	190	1673	23980	16813	1636	8126	1987	2237	360	1116	32	16	597	320	301	85
SRR7039829	61707	58921	0.7728208073858053	0.8024892719361071	2563	791	31175	2128	495	2019	43756	6285	95	31094	8	11764	309	72306	1380	30876	8	7510	86819	165	328	29890	26	165	608	866	86587	140023	65677	70716	407	1577	585	119	55	83	405	229	49	121
SRR23617151	27547	25627	0.7459997965606419	0.8854904282172136	19991	2593	14615	15220	17388	2331	53201	26007	1146	14176	220	2675	8578	10855	44164	67280	107	1118	27977	5803	152	104028	96	307	2407	6784	225650	136087	5986	61557	5273	14062	703	20062	149	29	4186	15963	8087	30
SRR30952024	15018	15256	0.7417345021916093	0.9260540036910286	9160	20029	11395	2176	2792	6415	7562	13258	220	5996	135	1600	2054	11315	7550	29349	141	759	14975	416	103	45999	12	107	533	9757	90091	48558	14186	8418	900	7900	1505	1470	77	81	9647	267	1138	2969
ERR599175	10544	9705	0.5858397079276774	0.6648881294732091	4625	4714	7039	198	14033	18557	3028	11803	8999	5435	638	1861	842	21851	127	31856	1074	8223	37597	56	55	24777	140	358	996	15	61779	27061	6390	7836	3330	3969	148	32	101	137	704	248	743	3423
SRR13254584	48921	45192	0.8778037950428081	1.6134421177901386	41081	29936	27868	27505	27769	161	20252	67448	0	17217	717	97	30281	6188	22094	128964	0	553	75338	38947	252	550464	27	6582	1959	32617	491272	213327	33420	50999	36028	12487	33932	22682	10348	1	284	12180	827	139
SRR12825410	20847	20884	0.6904497495004955	0.7404048197517894	14107	16198	26971	5178	19343	15042	20320	18841	9973	10289	835	3081	1724	27140	10345	28008	2415	8386	43253	458	135	36251	1783	426	5476	3906	183879	62615	6909	22585	4065	15516	1825	890	141	242	283	1735	4226	4198
SRR15526472	11044	10045	0.7499588087490217	1.0131041890440386	6118	7391	7460	530	23668	4863	3890	13507	18629	3843	2658	5352	1988	22729	21	8127	64	2134	21006	19	47	11906	84	122	1019	14	44707	25121	2292	15282	494	2662	501	41	31	97	61	31	1054	2575
SRR27943149	1417	1031	0.8835415922884684	1.1592114208021753	3976	4755	1716	985	1494	59	2357	1478	7	120	21	138	754	129	3529	3418	4	210	2286	4262	17	27314	38	239	80	2139	22631	7538	179	933	2215	666	1350	1067	23	3	167	639	27	269
SRR28327206	5778	5328	0.7514395104157245	0.9519325668862867	6020	2484	2542	1002	2036	328	5976	2135	139	2100	81	58	405	1056	6685	17385	136	154	8713	312	1	25364	60	20	180	2463	49047	12134	981	3759	454	1759	411	2144	121	2	566	386	1491	60
ERR10123577	9252	8254	0.5273566489701348	0.5487939307482816	3150	5491	5065	479	8132	6928	593	8120	3449	5000	145	647	636	22266	101	18311	2119	1915	14873	50	2	4245	33	0	1331	63	41634	18691	5225	2194	754	4929	498	61	0	11	309	287	172	4251
SRR27205363	11225	11586	0.5500407472417251	0.6433034573319585	712	1947	11974	1206	1031	5355	11602	18576	811	5602	124	2820	3317	10278	376	20269	134	2663	16031	296	916	19116	72	3379	684	265	16064	39607	7287	12655	3020	2652	4919	570	398	81	239	249	6543	994
SRR27067774	5247	4455	0.9084926355374491	1.4297016452806424	6694	1150	3041	2372	5221	1636	10822	8623	152	4351	165	619	4260	5375	3584	15819	480	458	13660	4043	90	38611	14	984	329	5578	46985	32847	2818	14686	1139	4111	2169	3977	178	0	1263	1246	1116	144
SRR29704036	12480	10947	0.739755129789056	1.1095700239441642	10143	7094	11820	436	5942	12558	4406	16771	2708	5498	328	1680	4056	17022	570	29794	761	8912	33576	93	1614	21716	83	2981	1158	263	71316	48420	12795	13196	5710	5654	376	80	1139	72	44	4414	2610	2330
SRR25645263	25	33	0.6033519553072626	0.9943502824858758	2	46	26	9	0	0	1	25	0	0	0	2	5	7	6	70	0	0	32	6	0	237	0	2	0	1	100	144	99	37	6	0	1	0	0	0	0	0	0	1
SRR28024122	1375	1031	0.8101232101232101	0.9452106794888018	2606	1462	1142	934	2758	185	3726	1901	248	621	49	258	506	234	2533	2936	23	278	2710	3269	3	16884	43	197	68	967	15785	7240	395	1544	1594	865	784	889	29	1	516	524	48	51
SRR5788194	6903	5365	0.6232470463932379	0.7556104816483661	3894	3870	3577	395	7776	7588	226	5838	1809	3408	25	510	392	12501	53	19431	1749	2347	12657	46	0	4375	33	0	1252	23	40031	13466	3786	2476	958	2479	793	64	2	72	153	20	181	2482
ERR10323220	7962	10511	1.6068330776739645	1.9610156162228962	37	52	16757	45	3565	1827	1351	21721	15016	11233	6	7328	869	25606	5	2264	0	4697	18701	2	24	71996	1	225	5	0	47112	27017	2900	9169	895	14	744	2	5	0	10	3	71	13204
ERR12510866	12769	12413	0.7364243867270095	0.750175155516868	7901	15662	15351	7241	11792	21395	32351	12855	14098	5398	296	4046	2814	25989	17115	20928	1864	15788	42175	12188	98	45068	6490	124	3510	895	88658	76867	5648	30332	7130	9489	2396	3080	573	1041	6253	2747	5282	2896
SRR12825415	11432	9923	0.8689110328121559	1.178899504419353	7054	11018	40083	7736	13426	20027	18313	28095	9482	13528	1006	5435	3944	20395	1109	23898	2720	12875	67799	43	381	41261	573	1554	5075	591	115526	84615	11060	24558	8371	12873	1914	2135	220	241	633	6154	7223	9233
SRR27216455	2673	1800	0.7180233590116795	0.9778468456553366	1902	1756	853	568	904	361	1967	1670	37	452	25	129	539	986	1606	4361	11	186	2440	224	12	8623	16	44	70	713	16526	7462	520	1989	1068	1200	642	414	15	25	521	358	44	666
SRR22299280	2810	3792	0.7673863272691465	0.9205353225098728	2665	6182	1740	1658	6653	5267	4516	1509	3678	486	16	893	1176	3571	2273	3704	6	2269	6252	3774	0	22168	4252	138	243	1714	16632	12720	864	1261	1817	2175	1368	143	43	183	2099	472	126	2169
ERR2681675	17481	17154	0.6959230062669317	0.7927813361041753	14187	5291	8386	3740	6243	1454	14819	6803	223	4294	145	134	336	2038	15142	35246	49	400	13092	557	23	52011	528	28	1198	6389	125702	23637	3366	8406	1090	4718	747	2684	38	9	882	93	1479	125
SRR22573047	3479	3307	0.9355527102005975	1.3185963827484928	6445	3944	2829	2033	4229	272	7642	7006	276	1731	71	129	2443	451	4433	8568	13	422	4315	2341	98	39706	72	1277	85	4284	47545	22210	1580	3685	5182	2408	1998	1958	120	1	2593	2038	514	133
ERR14693527	14662	15595	1.5473821989528795	2.064600803326052	2693	61	31787	67	7076	1452	1609	38347	15381	18554	1	12058	804	49542	1	2039	0	4238	20385	7	25	115062	1	148	2	5	102336	43758	4692	13741	258	74	2706	0	1	0	10	9	30	22237
SRR28149504	14659	15640	1.2811409573896408	1.8791403814892698	2518	8240	51387	3890	13152	15204	18980	77772	31483	18526	880	9389	5404	53803	2564	18306	159	22880	109432	97	42	181659	43	3413	550	29	117478	95832	11839	29243	8929	8781	1623	2208	18	28	957	1870	3377	26959
SRR30689432	1104	955	0.7327138362478964	0.8768580390017728	1170	767	1196	600	1495	867	2162	922	807	556	3	242	203	804	1450	2145	73	645	2058	869	2	5127	233	0	67	174	12105	5562	160	2310	681	921	66	627	0	3	246	229	168	151
SRR22573027	4217	3505	1.035677391720628	1.50514352895072	5926	4667	2867	2645	4703	94	8013	9802	82	1301	32	243	3127	126	3807	9880	3	195	3371	1960	93	44074	6	2195	64	4599	52997	21986	1022	2579	5720	2466	2448	1768	146	0	3427	1777	538	95
DRR846336	25642	17655	0.9204176268100481	1.426281787265089	13624	10701	32003	7334	99216	39028	8069	22605	154363	19097	11312	24415	21375	47761	1668	55298	37	16211	115801	838	98	42008	1686	865	1921	1515	166268	118940	2638	25509	4844	1817	20456	17195	58	1382	37251	3657	3714	419
SRR22573022	3561	3173	1.0434514003294892	1.5426228574682535	7646	1687	2768	1205	3801	177	8657	8719	144	1723	48	148	2908	350	3572	8339	8	474	3333	3681	22	37897	9	1893	56	5495	54587	22750	1382	3051	4796	3455	3059	1590	153	0	3008	1699	164	393
SRR28327200	6085	5956	0.7192427754183358	0.8286835634575374	3002	1857	3164	1289	2128	329	9887	3219	42	1136	15	27	213	2312	8583	20354	27	352	7741	725	29	24091	78	12	445	2385	56863	15909	2942	7059	527	1928	289	2168	12	7	184	418	347	28
SRR30952014	11221	10687	0.72645930382347	0.8670211471540165	6146	9543	8111	2390	4540	4500	6335	11356	946	4589	350	2154	993	12252	4298	24099	325	1737	15178	127	100	25756	68	148	932	4146	75371	32547	5395	9839	1596	5659	1663	1836	134	138	3024	298	1224	1741
ERR2004616	3226	2762	0.8999244598882007	1.3344790055565103	1786	2972	3675	1030	4958	4972	3694	8051	4929	2511	659	1361	2017	7187	474	8185	214	3318	17192	89	34	10632	67	732	397	340	30020	23871	3078	7932	1256	2861	753	1096	75	12	2035	1799	1235	1739
SRR28149505	19620	20441	1.230209383047811	1.857693332741083	2184	12079	62015	4691	18037	18810	23591	97855	53752	23755	1330	12008	6461	65331	3703	25519	395	24643	138085	113	111	219412	60	3733	817	99	145869	133407	16888	38571	16123	11997	2787	2797	93	72	1475	2863	7270	32471
SRR21542051	2956	3211	0.9058247239045244	1.140510521561674	567	3105	5434	384	6791	3182	2211	7227	6922	3161	245	3228	1616	9607	185	6972	3	2864	14560	845	328	10715	153	817	544	201	17308	17149	2500	5879	577	531	1578	680	165	197	603	824	2206	1409
ERR1725978	2598	2569	0.6985542825968358	0.6646455223880597	2022	3629	2159	1347	1354	4955	3898	1471	1086	603	8	222	336	5372	2487	3140	185	2620	8226	1825	31	9882	1583	24	532	495	8100	9476	962	2930	773	1835	906	433	414	127	637	54	373	32
SRR30952029	8282	7987	0.6114430450558245	0.6447798112866692	4587	4641	8690	1868	8541	8551	3885	9695	3585	4437	202	1318	918	15600	290	18678	2054	4197	18278	11	181	12595	149	216	1831	235	52493	26274	5381	6429	2145	5102	1926	503	45	99	243	1174	1651	1576
DRR163690	21653	23971	0.7723911588953234	1.444914371432143	20	29356	18788	0	0	1	44	13503	0	0	2	0	2808	0	0	11845	0	1	24279	1	0	221568	0	691	0	1	9575	26171	20983	5187	0	0	0	0	0	0	0	0	1	0
SRR490126	30353	35462	1.3214042697967168	1.6394120005708732	1104	2542	81989	240	16133	3055	613	40312	38581	76676	997	22892	21979	133412	26	4154	0	10578	122672	136	19	338783	156	936	519	1	110880	246723	584	175344	959	30	23790	137	3	616	2304	497	1163	41296
SRR19681057	13670	10401	0.7218658277237816	0.8673959887286591	10234	8438	8163	6284	7364	3511	22821	8784	1548	5618	87	1202	5224	4548	20248	36284	584	652	22683	2713	84	94406	244	614	103	10183	66807	74002	5074	26391	11258	10248	2223	7122	310	7	3898	4146	2552	773
SRR29699979	20365	18349	0.7336490646459862	0.8624578265430524	13030	17063	23348	11255	10673	14314	38924	33623	6016	10137	411	8885	6921	35562	21328	50729	1174	8167	70480	11344	222	73411	183	1171	3816	6869	152208	108119	9619	37364	5689	12887	6929	8246	1352	604	6425	11594	5888	1522
SRR27973407	632	650	0.8503486750348676	1.1845449923741738	1906	2287	682	399	962	55	1022	962	10	128	25	162	455	70	1709	1607	0	206	1333	1642	18	12045	18	148	22	1059	12668	4586	166	425	1246	546	675	655	21	1	280	387	23	161
SRR30905131	1575	1390	0.7636129609939001	1.090290855827579	832	2632	4114	457	1266	1824	2341	2929	615	1420	56	775	651	3540	246	4486	56	1409	10693	68	90	5420	74	349	341	313	7042	10417	1543	2762	992	874	680	71	146	158	64	1039	1382	706
DRR163687	23069	18778	0.6157366952006855	0.6445379555501541	930	2428	10135	1164	656	701	26920	16765	95	6292	56	472	2889	8825	32844	18422	9	265	27376	9021	1164	50633	70	2023	572	1497	30318	54745	22879	27434	161	459	2493	554	296	0	178	155	40	96
SRR1217452	18445	9082	0.6146760534933711	0.7152176807349221	29197	32151	51253	483	15503	46647	11263	43664	52300	28741	594	1385	430	59322	62	62949	9690	62721	131060	31	32	94150	47	164	3724	23	111399	150852	26164	54528	4299	14847	444	25	41	159	17281	883	356	31825
DRR846321	33306	28283	0.8222900746886623	1.1550406591218856	22587	14765	34836	14039	29215	34231	33552	53496	16019	23546	1205	24595	18777	53666	8596	85238	111	25231	173023	1011	1084	102025	1962	6576	4789	6903	256948	173897	18068	62984	4762	12373	11229	14589	1104	2922	26117	10861	6486	2402
SRR29089224	10470	8491	0.8898640235094885	1.4385408701814588	14761	11504	6699	5063	10473	348	4821	10108	0	4156	138	773	3581	1241	8397	26671	0	603	11054	24298	170	139825	176	2265	228	7540	92763	33835	2925	6211	7039	2366	6679	6580	298	45	427	661	419	185
SRR14844119	11451	9379	0.8070547876718124	1.0986948843486626	9127	9217	20551	3074	11565	18844	4010	18867	8736	5858	938	4057	2757	17795	163	26211	1923	10899	58179	18	1098	39706	575	1550	3480	288	98497	70965	10260	22366	7572	9813	1589	1007	141	917	464	6540	4514	5782
SRR30952033	13318	13812	0.7100189547793122	0.7451599898746519	8684	4614	5831	3204	3333	1043	12925	5208	321	1990	160	171	519	2351	15242	27703	134	470	7753	446	43	32737	97	83	536	6043	94045	23381	2075	11277	837	6436	410	1463	30	21	254	187	278	113
SRR5007147	22032	20312	0.6342032027734046	0.8010175341874708	16854	10053	23948	2087	24539	22472	9976	25209	16384	11601	1751	3665	3685	33134	5404	48454	2778	15147	54207	1179	42	50471	499	904	3820	246	156620	78685	13436	25480	7922	12378	391	2358	225	237	2718	4299	1562	7679
ERR9973198	20031	20704	0.7276756583726285	0.9272251684104916	19498	16747	9131	2833	7540	1331	19033	13586	1008	4871	333	708	2387	9271	17848	60176	41	1947	20941	3255	102	59754	58	38	883	10567	145263	49569	10164	13063	6146	7179	1211	5028	122	92	3456	184	732	2192
ERR10123210	11160	9800	0.5266066847659434	0.48133587483122864	6356	3588	5606	706	13454	11828	355	8870	5226	5429	18	526	706	25368	292	27144	2442	3014	17173	23	0	5504	57	2	2299	33	64590	16968	4371	1506	1522	6081	1000	37	1	47	170	83	77	2073
SRR27067704	681	598	0.7459265396299365	0.9960059910134798	1100	1070	696	278	745	193	1186	774	57	404	10	94	375	375	956	1751	49	118	1873	1177	30	4831	38	47	35	390	6817	4479	402	1311	760	470	338	407	31	0	211	276	114	159
SRR24742782	9012	8674	0.6759908498682182	0.7073351269021082	5810	3461	3617	2905	2034	1191	10975	3545	348	1761	23	224	583	2061	9664	17236	59	413	5421	1976	53	22741	340	91	299	3890	51665	21847	1564	10414	1224	4680	470	1975	41	41	544	404	384	106
SRR28562167	10791	10875	0.7377085114311391	0.9075069531922324	4609	13285	11471	3487	1930	967	16046	10546	511	3825	29	1196	456	8531	13418	10906	45	401	12912	1580	68	39178	131	39	426	6636	62995	40246	10040	14929	1220	3367	760	1933	100	104	5756	202	381	1454
SRR22573007	3661	3318	0.8444910858604135	1.1555885128758259	6360	2289	3345	2198	3669	602	7383	5694	130	2832	81	216	2335	930	5854	9470	74	340	7134	2135	44	37710	36	691	133	3529	44159	22177	1440	6321	4328	2647	1019	2320	178	0	1527	1457	844	96
SRR29699991	7897	7357	0.7010974350539579	0.7751576594555759	2649	7682	17609	3639	8525	11037	8360	19192	12254	5952	868	6692	3945	20555	447	15136	266	6721	40361	211	18	16868	288	521	2632	113	47223	40627	5410	12801	1999	2152	3410	1678	105	552	2355	3385	2659	4121
SRR29699989	16542	15311	0.770981724515185	0.888996335504886	5410	20227	35114	4198	35768	28047	14121	51066	55920	13501	2750	17490	9704	48827	71	30605	102	16508	94571	187	101	42530	211	2040	4909	88	120670	89926	11150	31113	5432	2051	4961	3516	163	768	3317	6612	11146	9697
SRR16945786	4326	3918	0.6858141331834785	0.7759803167768722	2531	2325	3756	1888	1231	1630	7974	4897	240	1473	38	901	588	4858	6314	10086	286	797	11042	2230	49	14402	19	73	715	1379	27186	19301	1829	7506	1252	2126	979	2351	231	74	705	1428	761	59
SRR27216460	35875	34159	0.7385994342708341	0.9158823457727914	30558	31641	31447	11510	20398	37427	59056	28073	3085	19946	260	2881	2605	50032	34745	70194	676	3225	58397	25824	139	144849	438	373	2636	18714	223364	191118	49245	40417	4799	17877	17571	7764	252	352	33021	3197	1550	15073
SRR25522549	29242	34746	0.7203286203687201	1.2531952803849769	9846	3499	28867	172	995	3571	7769	26139	207	10163	0	292	1527	13340	1003	82312	0	1023	70891	1316	1534	88423	0	5718	1468	3950	178920	61592	9462	29067	257	3377	13381	4	5865	1	0	1	177	0
SRR23617266	30476	29009	0.731007175126229	0.8777765424161418	34705	26828	17985	18437	32514	407	50020	19192	823	11176	107	232	10190	1152	78449	71698	88	1578	39910	30143	25	187499	44	290	1738	16848	339677	120559	2930	35119	25585	13281	3980	13595	41	57	11517	7789	6589	76
DRR163685	26204	23848	0.698633565634997	0.8120043484926619	106	1607	15727	38	8	770	17040	7311	0	1686	4	3085	5062	20547	29982	12434	0	1630	16394	24248	31	54375	41	2490	19	146	15371	43485	20848	21360	10	10	1169	5	76	0	5	0	2	0
SRR33214777	63115	72121	0.6726113079074124	0.8155107067065078	108	137384	44435	8248	233	507	25899	62959	157	58459	0	20884	2214	68622	59	6562	8	6084	160732	50	5234	211522	35	1611	7164	32	33188	118805	32651	23903	478	1267	57156	3	3076	18	19	30	123	81
SRR25242040	48711	49542	0.8346871130583865	1.1594664246823956	36235	38686	33482	4256	108658	16093	9783	44774	4405	30755	3549	24400	16313	66526	159	81544	63	4014	64151	8	1	47879	72	28	3606	3513	301605	170651	6247	58497	1697	13008	34436	19228	0	11391	7890	330	13836	4091
SRR27943461	2388	2368	0.7939903140592897	1.10581512605042	2817	2392	2023	1234	1710	1484	5797	4283	671	983	10	998	1044	4347	2534	7667	327	1332	8407	4575	187	17456	370	276	253	2066	21208	14503	1654	4903	925	1369	958	892	365	21	1047	1918	260	191
SRR24011147	7585	7101	0.7094341558508183	0.7535553523071681	6274	5814	3816	3481	3802	1953	11488	6493	1116	1954	105	706	1932	4006	6878	9865	276	1128	11171	5159	78	33769	640	286	399	2181	49042	30396	1872	10677	4786	4383	1047	1458	143	133	1912	2773	780	432
DRR437144	272	222	0.6919642857142857	0.8051948051948052	236	266	244	110	131	184	505	171	8	101	0	16	108	138	336	558	4	23	398	337	5	1263	77	18	18	74	2194	1053	134	427	168	104	26	103	2	2	47	18	10	12
SRR28022515	1790	1596	0.8489662128088754	1.110446645486825	4078	1594	1841	1196	2748	461	5368	3341	324	1389	44	301	1053	1165	3341	5016	58	481	4897	2344	30	19429	37	455	79	1796	23773	13899	891	3739	2115	1935	972	1089	48	2	920	1675	432	81
SRR14844117	11669	9727	0.7783194764868904	1.0198420161745345	9895	8302	21506	3129	11394	18759	5264	18728	9576	5792	945	4302	2587	17784	171	25072	2286	10711	54959	46	1457	36911	684	1327	3636	259	94317	70957	11571	23071	7155	9555	1163	871	124	770	463	6192	4424	5598
SRR16945737	4178	3631	0.8200224971878515	1.1172539972953623	3939	1395	2733	2734	3306	2187	7102	4712	2630	2198	59	908	2089	5371	3677	10213	350	777	12254	1036	69	28866	111	323	349	2564	48080	21011	1991	7066	1608	3427	627	1815	160	16	1028	2235	883	155
SRR22573023	3689	3378	0.9641440542173422	1.365491009681881	7327	3479	2924	1624	4234	268	9201	7907	323	1685	40	169	2631	663	4504	8695	17	592	4187	2639	94	39896	53	1559	72	4342	50328	24408	1556	3861	5491	2892	2336	1748	117	0	3075	2526	444	362
SRR21518225	25611	21882	0.5652211971078938	0.5505403079277039	11164	10043	15009	2749	29573	20262	3468	23966	9341	10368	396	1220	1520	46771	1459	56826	3363	6038	29492	139	478	21440	111	68	3767	443	147914	48052	12287	7001	5429	12679	4603	260	1	467	855	887	1023	2560
SRR24742816	10790	10497	0.6802461651251974	0.7222073789803503	6893	3602	3945	3340	2173	1354	11926	3886	377	1796	32	280	536	2233	10725	22052	78	447	5874	1982	86	26335	390	90	310	4958	59971	23993	1748	11356	1134	5652	532	2011	32	36	576	353	444	119
SRR28327209	10157	9533	0.6326841382451097	0.7058023896401231	6772	1235	2189	1924	709	2075	6069	4137	106	3049	0	50	143	920	10367	33431	5	351	3440	306	0	23249	14	4	218	2938	58161	12515	533	5812	154	3081	537	981	0	0	263	319	701	134
ERR599005	23503	20949	0.5699447453017786	0.6161338042624274	10624	13702	16636	1010	28101	22138	7847	24113	12597	11278	417	2008	1109	49060	286	50510	4520	9559	49481	75	18	27533	362	136	3062	125	110258	62938	16286	15428	4246	12516	1063	79	24	133	2117	814	811	9421
SRR13516733	1440	1287	0.6704309987567344	0.7389400711484083	1407	799	971	333	314	349	1451	724	74	538	56	84	53	790	1593	3399	3	152	1626	149	6	4293	5	3	79	645	10777	4084	520	1207	243	756	214	428	1	98	293	110	32	182
ERR1713377	2822	2759	0.7350382283153177	0.6773676497527019	2000	3323	2555	1733	2300	5286	6408	2580	2077	1013	13	709	491	5693	3882	3444	207	2696	8421	1493	10	9877	1686	11	360	260	18024	12385	784	4759	1253	2140	384	432	365	243	877	118	944	86
SRR16945780	3770	3528	0.8046440048884262	1.0495553759094585	3109	2124	4402	2036	1427	1961	6725	7090	314	2195	27	1105	1419	4674	5068	10572	504	1146	13105	2953	139	22804	16	278	583	2309	31737	20438	1947	8127	1156	2367	973	1897	327	11	811	1541	1181	100
SRR29270187	2718	2942	0.7530478274460769	0.9324954388810055	1936	1155	1370	576	668	473	1897	1440	157	859	7	78	132	947	2246	8084	39	196	3374	137	28	10255	22	54	101	1723	23519	7166	733	2385	290	1935	221	978	5	10	270	30	132	177
SRR11582165	4257	3848	0.566335634338446	1.0294831772459243	1612	10306	2946	923	341	57	5254	4293	19	134	169	52	2903	124	886	721	4	68	2450	2553	198	92166	13	74	35	1712	20414	15635	9387	1647	1655	1377	550	159	18	33	87	33	38	651
SRR29699977	14367	13113	0.699293583651203	0.7715073442030708	8748	11138	15601	8026	5813	9353	27027	22229	2877	6664	173	5580	3909	24132	15930	34196	722	5381	45458	6132	156	45663	184	532	2817	3262	93365	70237	7070	24251	3928	8019	4734	5774	641	662	3753	6958	3710	737
SRR33139898	9112	6906	0.6554808625679268	0.7614575627954845	2606	10348	5126	1219	5157	5616	1878	8829	4812	3441	147	375	1565	9763	275	10340	854	4486	18016	7	8	7237	392	13	1523	62	48761	27578	3271	8070	5197	6647	69	108	8	1037	130	145	1065	1831
SRR29699972	14149	12654	0.6634233031252148	0.6894723918068739	5824	13882	30351	7160	11915	20121	15069	32133	20530	9888	1165	11273	7893	36346	635	26560	819	12044	76064	698	67	23871	259	759	5287	172	71239	68653	9714	20452	2926	4121	7053	2251	278	1721	4149	4565	5637	5786
DRR437142	146	136	0.7128521806252412	0.8240053944706676	179	138	167	74	99	101	296	102	7	64	1	7	81	76	276	338	1	19	236	202	2	802	24	2	16	41	1698	691	68	257	107	81	14	72	6	0	63	15	5	3
SRR29090683	6364	6296	0.7549791350531108	0.8990239342622987	4130	6412	5817	1715	7095	6762	3762	7223	3438	2974	608	1411	1851	9464	216	11237	754	4726	11052	35	11	10764	242	29	1270	373	54312	21019	1753	7188	2896	4004	1471	935	0	6	483	305	376	1602
ERR1713392	6973	6570	0.7221004903024255	0.6819250183023158	4506	6952	7426	4736	8280	10997	18126	6153	8251	2692	64	2795	1202	12777	10703	7667	163	9074	15545	5223	23	22326	4094	16	1136	549	53321	38718	1673	16460	5397	4768	1369	1601	582	356	1574	990	3595	353
SRR17205146	5035	4731	0.8091554801470466	1.0716191379617004	12177	3564	5391	2916	6930	966	12542	6628	246	4431	129	416	3003	1406	8783	12275	169	648	11807	8598	34	48985	34	739	234	3115	70334	35276	1787	11149	6709	4393	1368	3768	99	0	2192	2621	1112	78
SRR25894124	6442	5652	0.6545573004425872	0.6083119840592086	2610	6482	6936	3493	3335	6466	11405	4866	2310	2304	115	828	842	11403	6569	9557	588	4177	14712	2638	268	16758	1514	119	1844	665	31800	29643	2317	10752	1343	5201	2747	1631	256	308	2920	283	1079	806
SRR23617179	34238	32595	0.7009697133707687	0.794259311117334	33100	15480	24790	18357	28930	3219	67773	17199	1108	16544	122	1761	9730	11087	68364	84200	208	1526	30416	39700	170	204130	39	149	1782	11402	325700	158092	8956	48712	17463	25476	925	18068	656	12	4378	23427	9309	710
ERR1713359	11296	9385	0.7969720917979948	0.9990339253224274	4862	1888	22725	7626	30690	34104	19562	15435	63470	9998	13	2402	3621	16280	7685	1602	456	37163	23407	9368	65	41476	4693	13	7746	181	151896	103169	4041	23792	19232	16237	315	3466	166	99	15101	7806	219	12695
SRR30888630	2125	2275	0.5714512082397993	0.6968596028467625	659	89	1036	142	632	545	2151	2327	11	808	0	524	436	1378	3	6733	0	231	1808	1	306	4321	0	995	39	2	1334	1960	256	229	35	7	110	0	40	0	3	3	1271	6
ERR6412196	823	86	0.38386308068459657	1.3186549239391514	141	281	87	0	573	35	90	49	54	0	22	0	23	30	53	24	0	0	16	117	0	715	5	291	0	21	413	325	0	0	14	32	264	0	0	0	0	0	0	15
SRR30951350	7806	8624	0.7534177215189873	0.8715091414063965	5836	3998	4395	1815	2712	632	7580	3705	440	1852	59	236	740	2446	9224	21885	66	405	7478	500	25	26922	72	74	348	4696	69818	20842	2582	8902	727	4676	335	1602	20	35	1068	175	285	435
ERR15419881	5315	4931	0.6568807339449542	0.7248408072504295	2821	8450	6689	2862	6240	4932	8573	3821	7284	3391	212	1496	1557	6279	6936	10972	28	3114	12021	6507	4	19846	1334	61	711	1200	27721	31392	2442	7568	4610	5213	2412	1318	23	87	2358	1358	1578	2425
SRR29699999	16243	15024	0.6697558375279642	0.7154207539369339	7294	14961	29899	9398	10050	20746	19210	33943	12003	10483	1028	11253	7104	37058	2268	30207	797	11407	77309	1244	98	26523	405	457	5248	541	85938	79013	9509	25464	5001	5500	6829	3143	297	1524	5610	4719	5504	5913
SRR25522541	34670	46453	0.7157918227272453	1.287412334885489	1251	12392	37361	1635	104	4649	11059	23031	6	8527	0	10009	9977	15237	5060	65062	0	1415	100099	84	2329	153882	260	4380	445	8	64811	47492	6408	36043	10	4	4932	2	85	0	1	3	4	0
SRR33956868	105013	107336	0.6081091188853034	0.6161320070806682	101	252937	185979	182	88	20227	184642	114689	70	22325	3	4256	421	123337	309	3311	126	19619	263829	26	229	302540	5	371	2162	5	152525	463203	62615	162200	20490	31391	180845	8	675	16	2	797	4151	13
SRR22808085	18864	17168	0.8476345715364649	1.192205460089431	15536	31560	44936	8299	27341	31599	29016	45532	25320	18562	3536	8325	10241	48273	8632	46608	2692	17157	101791	633	259	70704	856	2360	5313	1939	207105	148577	16018	41742	14741	19918	4015	5114	384	320	5128	13020	11237	16940
SRR33139895	6206	5142	0.6595736910660158	0.7372568223300539	4251	6619	11112	1346	6416	8535	5042	9325	4379	4360	285	1833	1063	12721	630	13337	1528	4874	22100	74	152	12495	456	161	1856	394	51877	31848	4487	9134	3350	5669	676	317	72	221	612	2723	2050	2537
ERR9973210	26430	26950	0.6962189151871017	0.8486705954234582	21706	16844	15977	4740	11784	6193	21555	14245	1132	7096	115	1376	785	11920	22170	69634	415	1846	32910	3832	1313	75100	334	47	1385	12582	197970	56716	10438	14187	5764	7951	3352	6840	33	255	2024	179	1106	4587
ERR1713388	5760	5711	0.7289678107229894	0.6656444424833429	2652	4795	5511	3689	7040	9849	14105	4596	4604	2482	69	2093	1017	12285	7200	5582	96	6853	11022	2008	20	14725	3608	12	785	318	33761	24325	1280	10863	3569	2094	451	699	670	728	918	344	2570	139
ERR10123584	5842	5983	0.6150301595174478	0.7430093609848599	5208	3918	5271	594	8353	8803	3846	7147	4670	2638	299	840	1041	10471	796	16613	147	2998	18199	644	57	18704	36	134	559	303	39164	21113	4055	7063	2528	3320	410	279	20	83	603	1285	378	1089
SRR27067792	6148	5693	1.0031422935251295	1.3659798912147685	9576	3613	3860	2669	10969	759	17426	8598	3940	3689	764	756	4891	5966	3574	17112	106	2295	11946	5648	140	54584	11	2489	114	8785	87821	42747	3628	7307	6066	7904	3801	2758	74	0	5469	4119	786	835
SRR27943305	1603	1687	0.8373372074923469	1.1263438302730473	3915	2362	1470	924	3003	379	4617	2688	431	930	26	482	1232	899	3022	3919	34	548	4453	2489	3	17084	37	319	57	1444	27583	14002	576	3206	2679	2110	1370	882	15	0	1154	1591	224	195
SRR25522539	35826	41772	0.7170684477411097	1.0363589310053312	2159	20095	24488	8796	1579	1691	7094	22818	385	22992	0	19856	4284	32408	3836	106623	0	1424	96175	989	3367	81828	139	2280	860	2230	39723	46987	13952	15693	407	22	13318	29	3251	0	3	3	308	1
SRR10907113	9333	8515	0.7124934440013653	0.9391572195230383	6654	9071	13125	4770	9536	4880	18184	17520	4205	6326	429	2619	6575	12267	3593	21180	1617	2132	33472	3058	2123	42543	1475	3927	1134	2573	61771	43641	6628	8136	5469	5639	2000	678	904	198	2446	6059	4746	738
SRR20069377	16063	14863	0.7678445490047473	0.9406801488547245	14457	6155	6710	5978	4787	17775	21337	19068	2552	3157	402	4405	3951	7189	6037	35717	11	2338	21545	3450	145	38881	871	115	347	4067	116076	42534	2425	21063	3764	7458	1093	1424	10	90	2241	702	303	1961
ERR10121361	4213	3883	0.5148870342430435	0.4924925935900889	1733	1919	2155	334	5059	3352	114	3293	1551	2288	8	270	229	10326	64	8775	819	754	5661	4	0	1431	10	0	739	16	22415	6722	1721	634	452	2257	277	20	0	12	67	54	25	1203
SRR22807990	11866	11074	0.8563453250262388	1.1569385070700426	25103	26543	11544	6835	13313	2214	23400	19864	500	6985	233	1629	10407	2953	15820	28922	211	2598	28466	26228	133	115588	497	3612	584	9273	156255	84267	6454	16247	17450	10753	9874	6110	651	5	6728	6822	2361	812
SRR12217123	9829	11839	0.6345588133743975	0.866245737162062	1462	11232	6465	2396	345	31	2901	7076	1	65	5	27	6432	710	1337	33118	2	102	9884	13546	2944	97892	12	2434	54	1525	58533	45297	37230	4552	1376	188	1357	96	155	93	197	19	16	18
ERR14693530	5938	8549	1.6998263183178743	2.07938269836723	20	31	12375	26	2365	952	1383	17860	16539	8642	1	5412	549	18487	20	1179	1	3068	12113	16	0	53765	5	153	1	4	43545	18569	1188	4259	728	4	37	7	0	0	13	5	3	12325
SRR23617231	30411	30501	0.7225885181407548	0.8311069017024545	35898	18378	18152	20228	30350	738	48614	29963	223	12444	170	813	8622	1695	67531	76949	25	2034	24453	26222	60	192643	79	443	2600	13255	355881	137198	4751	49152	16116	19140	5365	20940	143	2	9353	3160	9008	68
SRR25645262	30	35	0.5577889447236181	0.8571428571428571	3	54	24	6	0	0	9	25	0	0	0	2	3	4	6	66	0	0	38	2	0	212	0	6	0	1	133	133	91	31	5	1	0	0	0	0	0	0	5	0
SRR30952031	14565	13436	0.553984192474027	0.49573908392136173	8590	6010	9378	2606	19172	14030	3116	13876	5633	7404	203	1158	683	29897	959	32594	2750	4937	18273	9	39	13110	132	40	2785	319	99466	29243	6851	5211	2369	8896	2647	437	2	157	458	426	448	1341
SRR21518233	3487	3590	0.7349167605457504	0.8778280542986425	2522	1266	1563	945	1248	558	5082	1608	287	575	50	126	402	1348	4590	8840	29	219	2513	267	19	11148	32	31	72	1672	25005	9943	762	4649	353	2026	208	729	20	6	331	363	155	341
SRR27943031	1590	1403	0.873732985809441	1.1875605294307543	4094	2006	1436	809	2461	351	4931	3213	156	1194	36	289	1275	820	3114	4069	28	503	4404	2775	33	16721	44	507	54	1660	24269	13498	839	3378	2231	1798	1166	1040	61	0	1098	1457	284	146
SRR29699987	19996	17942	0.6773320206743786	0.7347926485939329	5733	20163	44583	8519	18333	27568	22247	46556	29041	13709	1995	15461	10221	51975	1221	37892	653	16414	101287	898	117	41637	643	1536	6641	222	103149	102839	15087	31009	4520	5560	9886	3882	417	2785	4476	6821	9399	8997
SRR16945709	4070	3807	0.7677451369591107	0.9751427853011961	2960	3460	5610	2478	2072	4322	6909	8136	947	2784	177	1570	2043	9203	3489	10085	477	2019	18869	3009	94	17542	204	492	693	1903	32003	26501	2058	9028	1317	3961	1294	2159	479	89	1880	2021	1307	908
SRR25522542	48525	63410	0.8179768688187158	1.515882247813859	3916	79623	55065	16	291	1	544	90152	25	3	0	21	49964	16	91	139993	0	37	171519	4432	1447	498026	0	2574	7	13	78415	107121	97490	8016	1296	12	227	21	1	0	2	22	33	1
SRR13516736	1878	1687	0.6860740206102891	0.7849263397622945	1776	932	1330	396	546	445	1698	994	107	610	54	179	42	864	1918	4520	4	158	2392	229	8	5451	20	3	58	894	14420	5079	665	1483	341	1068	243	504	5	92	247	196	62	173
SRR27942997	4421	3924	0.8867708094354183	1.1863091037402964	12496	10632	3834	2673	5770	551	10692	9451	172	2323	57	602	3336	790	8203	11571	37	1362	9142	12670	104	50957	125	2026	211	4031	65718	35337	1963	4936	7739	4132	5369	2528	223	5	3308	4463	338	333
ERR1713375	4680	4641	0.7074286065032915	0.6383179530201343	1899	4222	4493	2809	4498	8018	11195	4673	3750	2089	154	1865	521	10044	5664	5589	130	5589	10423	2230	18	11134	2499	11	806	220	26191	21080	1583	8991	1879	2296	1024	704	534	487	1033	210	2216	123
SRR10589503	9520	9199	0.6802433178605019	0.8192858877823658	7580	4526	7504	167	10516	12006	4949	12054	4943	4208	1695	1971	881	16783	51	22257	115	2959	27722	39	964	18695	61	846	1224	104	53595	29319	10394	8863	2306	2520	355	55	19	63	216	605	1425	2498
SRR22573053	3568	3194	0.8579412529243566	1.2507180760430359	8452	5793	3432	2344	2972	201	3612	4744	21	645	48	159	2709	142	5079	8276	2	221	6230	6804	327	62588	112	779	141	4694	48768	17766	964	2508	4561	1441	3671	2766	201	0	923	546	88	97
SRR27067776	5326	4350	0.8337378869131621	1.242738301559792	7672	1793	4421	2683	4385	1159	7928	6266	171	3755	107	888	3044	3220	3559	15564	92	583	13844	2473	284	44326	44	1200	203	4931	50945	33055	4407	13165	2164	3780	1100	2882	411	3	1927	1425	1549	242
SRR13516735	1708	1557	0.660161421189734	0.7300436487386255	1735	957	1197	393	379	593	1602	959	99	775	35	97	56	854	1870	3962	3	253	2137	269	5	4583	14	3	90	533	11286	5096	804	1302	410	716	422	353	4	152	454	185	74	220
SRR28002618	1805	1545	0.8100335117291052	1.0934493815849748	4761	5945	2230	1010	1689	284	2113	1726	9	364	76	121	1125	109	3503	4457	1	265	3565	6351	122	27786	135	466	71	2361	24388	9502	510	1321	2501	793	1601	1160	52	0	229	1083	56	196
SRR15526474	12032	10533	0.6451121271500109	0.6952145239424716	6333	3428	4234	2825	2112	644	13073	4164	145	1895	31	208	272	2215	11541	21673	27	293	7074	1240	69	31004	115	34	115	4940	39553	16874	1153	6774	602	5709	336	1749	60	12	159	187	83	50
SRR32816590	724	594	0.689415785538823	0.883303765030554	29	289	690	60	455	380	947	854	347	279	16	323	592	1131	1	1674	7	237	1211	10	29	1510	17	365	47	1	1209	2428	804	599	75	23	105	25	58	8	43	11	619	58
SRR27216472	35462	36450	0.6920660908144287	0.7848024010846598	33261	13846	13731	5703	23261	1230	36752	7039	5319	4075	63	1334	2275	1274	43648	96515	25	1787	12670	10010	8	212528	98	33	547	23780	335371	61653	7835	12495	4663	17169	3170	9869	7	129	2266	384	2196	1470
SRR10589499	3694	3231	0.781469408224674	0.8885761851910575	348	2783	3427	379	4123	6395	1203	4214	1298	2067	42	1394	862	5601	11	9477	17	986	16200	40	111	7687	14	985	312	487	12464	7642	1246	1263	551	254	710	7	14	6	3	8	1071	2509
SRR28327211	6090	5759	0.7218123485535596	0.8929406710896854	5469	2805	2873	1084	2538	485	6130	2693	94	1932	68	41	186	1253	7655	19359	66	147	6653	356	2	26004	70	4	214	2893	55176	13315	1454	4208	382	1815	281	1487	47	1	978	139	2499	24
SRR13516737	2442	2165	0.6600676718508844	0.6904948120339955	2166	900	1344	347	575	504	1940	713	56	670	30	101	62	726	2353	5818	2	268	2121	258	6	6184	7	0	132	1230	16942	5392	774	1508	358	1486	264	323	3	105	184	157	44	186
ERR12510827	7248	7734	0.7932114534509186	0.9776506420810009	10988	3247	21279	4852	53021	19167	18744	12792	34018	4572	95	3912	492	13407	11271	3283	158	9819	26751	11640	17	59883	8388	23	1601	233	147084	92907	685	26275	20913	12331	466	10540	186	211	11202	675	858	8565
SRR22573038	3755	3254	0.9609824673085594	1.3600161714170205	6357	6375	3041	2673	4631	70	6228	8343	46	1037	72	270	2755	110	4195	9674	1	206	4542	3160	136	50477	12	1520	111	4311	51700	20776	1326	2465	5382	2073	2293	2814	127	0	2257	1449	449	141
SRR28022973	2020	1383	0.8443728309370352	1.090734332948866	3426	3783	1570	1549	2486	173	2888	2059	20	366	83	109	769	221	3346	4275	0	118	2171	4956	38	31907	75	358	62	1915	21211	7748	663	988	2160	524	924	1566	62	1	335	389	70	66
SRR16945710	4668	4594	0.8419548545796556	1.0694453604168042	4022	2919	6221	2899	2942	5314	8569	9848	1641	2811	103	2633	2352	8937	4819	11942	1274	2996	18893	2825	74	28392	511	290	818	2133	49544	27183	2273	11443	1492	3147	901	2131	459	137	1609	2361	899	331
SRR19681060	14239	12135	0.7072302806899964	0.780400600768239	8991	12962	8826	5798	7878	4387	25978	8603	2235	6044	77	1560	4580	8932	27717	37272	515	1238	23856	9946	69	73174	507	452	249	7149	70311	89640	4382	35609	13100	8856	2408	10428	476	5	3605	4621	5646	504
SRR29270183	4691	4253	0.7212182596797981	1.0008348081610845	3330	6395	2674	860	3191	1835	5226	5466	1083	2138	145	1401	334	5009	3059	8069	125	1753	6678	3744	335	10883	337	41	348	1028	30247	19259	4075	5576	2353	1385	255	1484	13	20	1052	149	243	2654
SRR30756406	3757	3334	0.7454568887743266	0.8998642226748133	3218	7708	4458	2088	1754	835	5939	5704	128	1453	33	361	2795	2366	5522	9554	176	389	8846	3559	192	27675	13	543	332	3404	27830	21706	2823	4950	4402	2522	1272	1567	388	15	938	1680	907	242
SRR28305190	12271	14718	1.6584591092741374	1.9605547055823624	293	479	37490	122	5119	2999	3268	40462	17574	18176	21	10714	1584	48914	11	3525	16	14997	23772	25	1	126902	26	519	15	11	73706	49906	4592	14617	4577	476	536	8	9	10	32	53	46	24950
SRR22573059	3345	2766	0.8934516559364306	1.2856827342499033	5906	6104	2618	2297	3225	110	4123	5901	34	786	48	258	1959	138	4026	7428	4	187	3857	3870	263	42069	54	882	79	2804	39181	14902	920	2049	4700	1343	1613	2323	91	1	782	648	309	123
SRR30905122	3322	3121	0.7199843386535848	1.0760802332773702	621	2987	4310	821	1787	1556	4990	5162	240	2457	39	562	1729	3645	178	10512	8	1398	9739	44	212	13628	22	2048	236	1162	6313	10936	2466	1280	701	584	2544	14	244	81	0	475	2281	266
SRR27943007	2381	2249	0.9130316671841043	1.214071308294897	5693	2608	2118	1298	3987	559	7101	3838	641	1466	37	665	1789	2069	3382	6386	81	787	6771	3312	31	25377	25	733	76	2117	38345	21036	1299	4163	3173	3216	1921	1338	34	0	1890	3215	549	238
SRR27973523	1744	1481	0.8281921953809397	1.0393766912382196	4736	6320	1688	976	1645	96	1339	1240	0	147	12	101	1012	216	2563	4482	1	117	2118	4381	3	32811	47	219	48	2220	29104	7926	519	1268	2402	706	859	1213	136	0	142	404	88	189
SRR13516742	3034	2795	0.7056677890011224	0.7840584312480152	1440	1470	1914	655	427	460	3936	1635	41	660	14	260	179	1506	3428	6183	16	312	5081	1157	15	7287	75	3	324	998	15156	8049	1050	3373	891	1002	828	410	26	36	180	122	23	108
DRR846325	33076	30107	0.840001173305174	1.224971533901464	25659	20595	55859	13830	46624	47184	29995	67175	55574	31605	2625	37791	22951	60317	1972	81315	390	41403	254715	810	350	88424	5131	2336	9247	2736	237990	165652	19331	45633	9701	8058	18814	12700	64	5799	29699	7810	3512	4531
DRR437146	198	165	0.6856455493183641	0.7248441674087266	134	83	141	95	70	92	228	120	19	83	4	23	49	84	171	330	9	23	242	65	12	601	24	8	17	46	1061	789	81	321	86	82	22	68	3	1	43	42	36	4
SRR22808098	13973	12836	0.8476177767610914	1.1750546012632077	24375	24467	17638	7849	17468	3314	25357	21365	1667	8085	469	1278	11578	4107	16761	34208	379	1323	36173	11241	69	139475	460	3725	614	10577	190820	103152	7744	17197	25462	13306	9648	7128	485	10	8545	8451	2788	2388
ERR2004605	3312	2958	0.8863775376459966	1.3662202787646898	3030	3155	3244	1154	4162	3729	3879	7318	1850	2796	551	1309	2290	7449	755	9755	125	2448	16561	254	74	14018	51	1272	454	777	33889	24661	3030	8598	1631	3044	1362	926	167	4	1922	947	1480	1550
SRR13516754	3819	3573	0.6645631953310231	0.7398479630953154	1376	2220	2312	851	354	1109	5503	1628	36	671	12	250	224	1501	3664	6273	94	367	6075	1833	31	7045	6	14	236	989	11578	8498	771	3379	1051	705	1545	457	42	53	163	166	84	82
SRR19681047	12775	10492	0.7707537510337494	0.9968247974735686	13575	18413	8913	6434	11776	1901	26094	12477	3839	5790	118	1351	6232	2894	26487	37750	140	980	22437	4099	76	128389	325	1098	35	13170	81087	83312	4872	25921	16290	11131	3990	6125	178	3	5766	5342	2777	917
SRR22573033	3580	3016	0.8548829577212009	1.2105651468201268	6459	2476	3104	2048	4131	653	8524	6084	590	2058	107	267	2082	2028	3944	7740	66	497	7084	1977	258	35578	173	933	118	3470	41312	23426	2620	5987	4033	2692	1341	2068	124	0	1583	2215	624	139
ERR1713367	12321	11165	0.6963999408006709	0.659301746164693	7102	9629	13703	7806	9805	11142	31051	12458	6924	4747	476	4726	2446	19118	18773	22781	236	8731	22549	6859	36	31131	3537	54	2355	979	91625	62861	4553	27683	5089	7999	2708	3899	415	425	2649	1233	5828	380
SRR12825407	30088	28721	0.6315629413370362	0.6117337390723492	18732	19751	31341	4436	47483	27405	17773	25765	24732	17213	1410	4683	991	54106	6134	44739	7733	12292	56305	91	106	18159	2665	217	11238	771	287353	66321	7856	25703	3579	19038	994	322	46	144	151	742	3412	4334
SRR12825427	12608	11585	0.7970043621472447	1.0180121492435223	9005	16823	42325	6409	10071	18360	20072	26450	7056	13648	795	5406	4335	23997	3898	25544	2799	12398	66688	672	357	45622	604	1067	5281	1665	118437	78513	11770	20689	7789	11214	2874	1408	519	373	594	4897	8338	8048
SRR15430532	25777	23433	0.7881926430988908	0.719233432166886	4384	54149	47756	6401	64826	85541	31700	81801	249603	21257	8677	25760	44	93512	43	319	14412	115364	192088	6599	0	103706	6946	3	20643	1	531639	154376	20275	53902	44	44	32	9	2	3	35686	10217	8826	25336
SRR9330150	9694	9245	0.8844870416373142	1.2304295899533133	6525	7048	12677	1228	18014	9119	2932	15550	15369	8829	2101	8577	4992	14182	86	16098	48	6244	41437	90	0	8695	50	1	1897	1	84440	39883	2300	12456	2387	2583	7802	2379	2	1311	5337	127	1785	1414
SRR29699995	19442	17848	0.6957766889793665	0.7675266481091724	7424	17475	32309	9736	16645	21012	23082	37222	18934	12507	1752	10892	6239	41408	7391	32378	1070	12191	86194	1092	64	44635	490	317	5009	838	142638	102189	9256	34222	7542	9880	5347	5541	603	1339	5459	9707	5085	8208
SRR33094751	41701	38617	0.678076667657757	0.7635353092218164	14928	60086	55628	10793	10432	45752	12494	54494	2934	24534	54	17586	2094	85107	2933	68722	5765	23453	173009	26	1368	90350	439	1645	13186	116	153808	171927	17914	63230	19821	30872	7949	204	483	4751	8	1270	18609	6816
ERR14693532	9249	12295	1.6590175197526622	1.771145192395996	52	263	27724	111	1913	245	2333	37674	13991	13676	83	8111	456	39284	17	197	5	9539	19360	13	1	69276	7	18	18	2	44270	42374	6048	18903	1190	19	73	17	0	4	10	66	76	15968
SRR12825405	26563	25204	0.6199263640513666	0.5974097161883991	16780	17179	33125	5029	40327	27777	15047	24878	21716	16588	1234	4031	1584	50762	4122	42054	6130	11845	56305	168	128	20470	2569	342	9649	540	249459	64036	8440	21272	4133	17261	1420	474	81	240	355	1494	3643	5223
DRR846329	39926	33716	0.7252278059693349	0.8921576729195935	14289	16299	44751	8438	55742	36509	37449	58971	70849	27200	1100	30907	25614	77050	4242	90906	96	38114	236068	1244	2326	101844	7415	4702	7180	5150	152003	140807	20566	36868	11708	8279	14094	5897	615	5634	16152	7685	11533	1776
SRR27943545	1852	1432	0.7768595041322314	0.9560793181422856	3734	4978	1970	1072	1553	199	2250	1983	2	682	13	105	1068	215	3287	5025	7	248	3024	6524	100	23335	82	418	80	1500	17635	9790	1058	1374	3006	728	1315	1045	174	11	272	640	101	66
SRR11582140	5230	4527	0.6724998914412262	0.7951669481616214	1930	1059	2729	2210	499	1393	5043	5368	87	2467	19	2705	676	8301	1507	11487	4	801	9304	2643	200	8199	50	370	535	918	11880	10620	1238	6176	431	560	583	451	114	73	475	189	264	66
SRR28061030	2702	2297	0.7507013163167792	0.9676865885044323	2473	5120	11055	1401	1892	5306	6406	6759	1558	3445	83	2313	651	7257	847	6519	404	2984	21422	11	59	7705	251	282	1269	77	16683	22795	2851	7810	2150	2746	435	227	41	290	144	2753	1731	1617
SRR25894125	4994	4340	0.8056222883574169	0.9165786038416113	5146	5491	8309	2318	12790	8995	8637	7530	7891	4321	26	887	236	11112	4108	5125	1767	11196	18302	2992	1	34695	4274	4	2384	1785	64864	35966	2619	11544	5145	5609	181	1649	11	17	5052	482	35	3622
SRR13892591	42837	39181	0.6205119606528057	0.6612593448682087	32321	49850	72488	7287	13241	61898	11626	64846	12983	24134	430	19915	2856	75289	535	83239	4543	40346	115766	224	247	62072	1125	475	13400	681	115017	199918	29902	37504	23594	26155	15817	398	2230	5516	749	3005	50650	4398
SRR27943014	1121	916	0.8628140272657121	1.1529740387775222	825	1261	1873	664	1171	1528	1876	2245	860	814	55	426	402	2405	502	3199	104	876	5274	22	23	4126	65	89	208	309	9819	8179	717	2265	922	1341	305	366	18	24	251	725	445	800
SRR29270191	7501	6333	0.7547549095407453	0.9537732206443863	5115	5671	4613	1893	3698	1541	8794	7885	347	2303	44	586	549	4554	8617	16272	52	667	13688	2507	153	28332	104	91	598	3000	47856	25396	3094	8485	3332	2799	1221	3572	153	38	605	384	501	1212
SRR10589508	5463	4880	0.823894514893238	1.0710080941869022	551	6095	5800	872	6222	6914	2234	7185	2411	3302	194	1903	1575	7826	21	12848	69	1783	22108	64	246	11869	12	1591	481	869	19253	11915	2391	2456	709	444	1545	8	27	9	106	18	1468	2734
SRR29699986	18376	16994	0.7158399935740392	0.8013183488221309	5976	19733	41857	9120	20312	26709	19953	46263	27376	14183	1923	15015	9648	49595	2070	36478	792	16068	100918	1859	107	40300	709	987	6278	463	127591	104754	13536	31047	6001	6010	9437	3866	401	2783	4901	8558	7837	10377
SRR22572384	220	222	0.7103352920843415	0.8233815210559396	96	64	200	27	22	35	383	163	2	99	1	10	30	284	377	458	8	1	273	138	2	581	2	12	22	75	482	745	244	295	51	57	36	27	5	3	10	5	9	3
SRR25522546	46297	59419	0.7756026181925608	1.310248184341835	3761	55893	47382	1388	323	7428	20459	49816	94	1384	0	4826	36383	13906	15451	82796	0	31	120433	10074	3244	274717	705	9378	1036	530	66165	118704	74977	29275	159	11	14161	7	0	0	4	4	105	1
SRR30952009	14118	14490	0.6896877812951969	0.7458077370081355	9207	6470	6040	2113	3044	1641	10232	4668	199	3710	189	429	766	4635	13243	31770	255	516	10043	284	50	34004	56	51	620	6968	92414	27505	3743	10987	760	7525	608	922	28	31	1526	76	840	459
SRR12042684	19166	16950	0.5694052427873646	0.583865654496721	11101	12311	12618	1626	24669	19544	2830	21219	13448	9878	48	1366	1285	42295	1088	43000	4047	4824	30954	250	3	12295	49	3	3590	73	149671	39465	6530	5805	5104	10337	3337	110	6	346	3441	105	519	3825
ERR12510689	11739	12348	0.7428843098249697	0.7354278538021826	7209	13316	12124	7571	14312	20987	27512	13107	8997	6011	255	5535	2309	25665	14952	18015	517	13310	32962	6507	59	33303	6132	172	2025	1042	91602	62148	3594	25869	5245	6157	1939	2679	1241	2080	4136	1201	6985	1022
SRR27067783	1234	1183	0.9413886384129847	1.3687431351012083	2608	884	991	556	2603	110	4399	2762	772	592	34	182	1011	1316	1529	3279	19	225	2502	737	23	16485	3	448	23	1531	19324	10768	807	1918	2253	1244	936	636	22	0	1025	1685	137	105
DRR437141	314	287	0.6610081413476528	0.8348985156013329	150	154	214	80	117	57	402	289	14	111	1	37	38	151	196	808	2	27	461	132	16	905	17	12	14	105	1646	851	199	299	79	59	34	111	3	5	12	2	7	41
SRR13516731	1887	1835	0.7027723793281244	0.8396219859634494	1827	1245	1505	537	426	632	2034	1185	165	701	99	127	63	971	1860	4433	6	182	2587	248	7	5731	6	0	98	788	13199	5664	888	1619	287	876	350	570	5	98	511	172	37	251
SRR30951352	8434	9394	0.7502845065842952	0.8814269731969809	6264	4322	4531	2010	3044	805	8885	4415	504	2132	50	255	894	3050	10486	23672	72	433	8646	596	20	28896	90	66	361	4790	76021	23623	2637	10743	864	4731	386	1864	24	49	1097	246	434	548
SRR27942998	2213	1623	0.8274718264937274	1.038857142857143	5599	3768	2077	1520	2925	283	6064	4428	106	1203	35	297	1186	345	4509	5627	27	702	4603	7798	77	26483	63	767	114	1926	22984	13530	983	1907	3009	1224	2275	1388	131	3	959	1442	134	75
ERR1713368	11045	10452	0.7024849997694805	0.6207704816912466	6890	9780	11677	7163	10975	12746	25776	8509	7422	3551	253	2998	1905	15599	15822	12466	311	8627	15019	3697	33	32381	5090	19	1568	512	69711	47606	2111	20018	5698	8532	1843	1331	440	816	1923	788	3711	395
ERR3589579	46594	36459	0.5797931837858448	0.5510363810978607	20634	26451	25893	2985	53733	70831	4260	41570	32073	22254	168	3762	1177	91838	1175	109205	11444	34630	81045	13	785	43914	6601	1	14030	45	306118	80278	23686	22063	11571	16619	173	136	0	213	251	707	788	4071
SRR23617158	40471	37804	0.7159054201179657	0.8622081393496309	42046	21191	25972	24887	36385	873	42076	26433	513	15836	256	1411	7933	7266	70538	94454	99	2132	31007	28997	298	300640	197	1167	2621	19982	400797	130785	10158	49320	20412	12840	3852	16071	731	7	5729	4895	6680	90
SRR28062215	2388	2033	0.8285355221301496	1.183492296404989	3637	1648	1963	1362	2425	884	5575	3603	298	1659	47	564	1451	2225	2690	6673	137	719	6856	4354	89	19936	116	543	134	1979	25742	15361	1473	4857	1290	2182	907	1168	212	16	1047	1655	445	109
SRR35200054	67439	49588	0.5840323081702392	0.6637253480862304	31837	29689	34661	1673	145059	79292	2004	55425	35435	30116	269	5398	3212	153874	2252	303729	20066	15628	125352	1160	0	39677	444	1	11977	99	690013	107998	22333	14963	7674	45236	3876	1130	0	444	607	265	512	10958
SRR22808093	12295	11258	0.8451588606357322	1.1663269025664564	23746	28043	14381	6913	15878	1769	19835	18779	389	5564	294	1410	10719	1411	18342	29682	43	1345	24595	17194	37	153790	390	3089	486	10096	174570	91632	5644	11979	25573	11310	8923	8755	670	12	9286	6033	1718	1729
SRR14844110	9716	8168	0.7565993823172836	0.906948420669693	6361	10372	16761	2643	7829	16409	3076	13301	7273	4742	373	4452	1656	17504	207	22073	1473	9276	47443	50	458	25680	723	633	3075	225	65213	56675	6590	19572	5320	7982	1224	496	191	1109	494	4688	4832	4177
SRR14527631	13318	12044	0.6523616604482592	0.6307484479190618	6186	12356	25496	3852	20798	28144	10448	16773	20364	10420	688	3719	951	26430	2745	19687	4403	22559	43297	121	7	19636	2977	4	6312	68	154770	67266	7686	22445	9647	10941	577	596	0	26	3065	4947	508	6828
SRR30952011	10558	10434	0.7162778977681785	0.829590013401499	7725	4550	5330	1876	1859	1226	6803	5277	532	3227	172	483	838	4110	8090	24870	192	543	10199	211	22	28081	34	173	488	5313	73542	23838	3601	7282	739	7152	552	1671	39	42	1344	231	568	617
SRR28002804	1799	1394	0.8663940766935573	1.1413254365363015	4888	5860	1756	1194	2006	78	2631	1714	6	196	37	188	851	192	3599	4454	3	196	2398	4644	13	35046	52	233	61	2637	28919	9112	313	1097	2834	935	1332	1274	40	0	304	609	45	329
SRR29704030	8769	8054	0.7884099774471751	1.1891267490171968	9043	7464	13990	263	9775	12278	3484	13570	4405	4585	908	1984	3508	14207	260	22563	1180	7748	36764	12	990	24472	69	1935	1399	208	76072	49178	7966	14451	7321	6593	260	398	226	165	23	5840	2516	3419
SRR28061290	1435	1497	0.8728766446352462	1.163919413919414	2964	4328	1212	924	2543	54	2243	1761	54	219	105	148	1031	91	2662	3549	4	59	2341	3183	4	22751	17	144	23	2225	24075	9200	266	966	2920	1086	796	1391	24	2	968	617	83	81
DRR846311	32157	28741	0.7528647930889842	0.9596115213696026	26189	20111	25060	17455	19272	13814	61377	48104	3012	13004	225	9979	7433	37358	27903	85952	2262	7114	80602	3207	2747	136931	125	1474	4117	13292	226463	146140	13410	54771	11110	16944	7515	14445	1650	409	5865	16179	3170	672
SRR12042683	21733	19062	0.6786859871898007	0.7614337093451969	6445	16162	22053	718	7063	26998	10427	29767	870	13620	109	2369	1274	36046	838	57282	74	5255	80844	443	1571	40408	101	626	7800	505	107597	69839	20991	23085	5015	8498	2068	162	166	1026	224	447	4649	3508
DRR846334	37761	33922	0.8086215323515681	1.0216095226731292	21155	37507	72975	12768	108517	64077	22980	107398	147308	34929	10626	34877	26006	87260	1093	72967	192	37014	195404	627	198	116570	950	1611	5961	1192	287467	248624	17816	95127	12986	4110	16287	17441	72	1857	21901	21037	28314	11676
SRR27067711	11468	10813	0.895137572075384	1.345754159388839	12396	51549	6967	6108	8939	210	6377	7562	157	391	194	1562	8257	2327	11171	31203	363	368	16171	16629	202	182967	109	863	135	15241	154268	41884	5000	5443	9993	5649	2600	3732	444	2	4589	3657	82	693
SRR27973533	2648	2185	0.8805582008644055	1.162607692829523	7856	9799	2467	1938	2855	132	4145	2319	9	173	8	349	1300	365	4815	6464	1	262	3549	7000	4	71314	68	504	71	4600	52449	13772	340	1421	3676	1673	2131	2150	127	0	362	1056	29	807
SRR33214776	59822	63613	0.6673839105990144	0.7897919934274404	16552	97756	65927	4037	80	6921	63335	80552	5	26680	0	20317	10333	96917	1857	15749	5	8048	97805	2	12473	116903	0	9259	5502	0	57629	211029	51870	31090	22827	24700	66228	7	4699	0	0	1164	2110	6334
SRR28305193	10568	12309	1.220839360608459	1.4957145600223436	1559	3134	22427	310	11422	3425	1743	30760	27957	12198	1919	8742	3106	37246	410	3293	2	10120	37333	10	18	46959	7	40	915	2	65096	38123	5775	21806	500	436	103	51	0	7	351	253	572	8269
SRR9330140	6385	5716	0.8504681085411034	0.9819843529439912	1362	3789	11193	414	16276	8279	1222	8947	28224	8085	976	7498	3162	14502	2	11006	0	8805	36757	89	280	11028	314	495	1115	10	29338	25123	2195	8848	569	27	2469	435	9	2443	4704	564	2307	553
SRR27973755	1844	1614	0.8549708807916302	1.1965681601525262	5389	7293	1742	1214	1798	78	2365	1827	3	124	29	244	1141	163	3297	4596	0	205	2729	4229	7	35528	35	316	53	2706	35658	10374	366	1263	3083	1314	1269	1438	85	2	393	669	89	403
SRR27973429	1474	1227	0.8077526868735659	1.0465666929755328	3900	2014	1540	968	1781	280	4326	2981	56	932	23	190	852	523	3118	4073	18	483	3513	5487	75	15650	63	610	81	1214	14989	9615	757	1763	1885	1075	1508	754	88	8	573	1028	114	62
ERR3589591	73613	57881	0.5651505073411012	0.531521060824338	35754	20492	30262	5422	89055	88980	1834	59081	46480	30978	124	1975	3475	142841	1170	176963	19472	24236	116656	16	354	54124	556	3	17098	65	412312	93397	23840	13786	13083	29117	4576	71	1	2496	937	215	2451	2824
SRR18243837	1805	1697	0.6049766718506998	0.600637168141593	1219	1325	1338	250	2815	2250	1211	1688	1270	905	85	207	51	3928	627	4143	355	840	3651	51	58	2001	201	0	468	68	15924	4847	924	1546	494	1029	83	43	3	6	41	173	177	328
SRR18243853	2043	1900	0.5982082715883066	0.5780878678934861	1425	1232	1406	212	3135	2880	889	1829	1303	961	51	225	56	4434	448	4925	526	1043	4126	3	99	1935	107	3	515	27	17190	4720	1360	1402	427	920	90	22	0	11	32	88	131	237
SRR22573030	3474	3257	0.8304783815549276	1.1242138364779874	5391	3525	2988	2176	3583	417	6456	5379	135	2604	58	130	2058	465	6013	9088	23	211	6160	1422	38	38002	28	624	94	3132	41052	20536	1750	5651	4066	2182	837	2193	115	0	1538	1411	749	44
SRR27943544	2075	1801	0.8713115517080889	1.1609176014168845	5243	8444	1592	1245	2365	49	2555	1588	8	173	28	177	1124	346	3311	5701	3	114	2529	4910	1	42887	25	238	70	2956	31720	11311	338	1251	3092	1097	1621	1581	122	0	566	877	58	708
SRR8893713	2097	1915	0.7458370635631155	1.0386595831630567	3080	346	1328	1167	1086	503	3544	2563	65	1726	22	182	924	931	2889	6635	55	129	6661	2067	0	15734	60	259	442	1350	14360	9781	596	3964	938	1477	304	1060	31	1	834	115	425	36
SRR25694550	4751	4294	0.8349706830272201	1.2218780745545312	5178	4842	4313	1744	3319	2276	7695	8350	162	2205	34	1466	1641	5305	3597	9026	131	914	12881	1710	54	24869	91	260	374	2195	37774	25352	2279	7855	1324	2179	1970	3311	86	65	1268	2419	490	2106
SRR22722186	983	794	0.7006952067325284	0.9275011018069634	321	932	651	94	589	718	380	952	276	401	105	165	171	1153	17	1273	12	235	2232	4	3	1346	71	4	85	58	2607	2833	142	1315	279	589	13	23	2	50	8	69	228	115
SRR23617295	27997	25654	0.6901396066507451	0.8434198576684094	27033	12000	15258	14287	20193	2130	40929	17396	2822	14157	255	1141	5018	7618	40279	57314	351	2693	33961	10284	601	142126	139	344	1723	8705	261480	110288	6275	42792	7748	17826	1762	16375	175	56	4044	6814	5177	1244
SRR20069394	15879	13416	0.8765282937209219	1.1665503107828123	12760	8713	19160	6643	24194	17468	12366	25960	20750	18543	1259	13988	6887	40965	3359	35621	24	11112	80300	2562	103	49504	111	2989	1300	2992	160545	102684	5714	36348	10344	5413	12682	5479	176	1701	9008	12767	1138	1914
ERR1713358	11868	10501	0.7194426309507324	0.8303073728185759	5168	10093	7619	6684	4263	10787	21645	12678	2228	2798	133	3142	3220	28552	4598	26926	1250	4572	33544	1477	587	26085	614	133	2694	1538	37303	40262	3285	10608	761	5125	3610	3745	627	486	8662	257	2700	396
ERR599125	7740	6666	0.6305191622398558	0.7451547728916714	4489	4924	5297	210	14863	10479	2225	8925	5446	3448	124	913	375	14391	177	22121	500	4628	20383	58	92	14445	347	114	1128	46	52190	19628	4101	7440	2943	2654	393	33	22	168	105	423	474	872
ERR3230147	5389	5136	0.7969304882191274	0.9929016813272464	5317	2809	6092	2637	8271	6553	10458	5853	8703	2587	243	2247	4018	8342	5307	10337	52	2855	15350	640	84	33607	883	396	316	1900	64469	43618	2531	12363	4883	7210	1742	1882	109	67	2830	7934	1500	567
SRR13516740	873	782	0.6743869209809265	0.8312143796580447	771	585	626	148	346	174	882	527	39	255	32	43	15	411	1029	2382	0	81	1031	211	15	2955	9	1	23	534	3998	2416	324	585	205	386	100	336	0	9	220	26	57	168
SRR16945777	4047	3754	0.7328761724599985	0.9169103313840156	2618	1734	3401	1941	973	1312	7282	4806	236	1708	25	517	824	4209	5461	11823	187	609	10701	2617	426	20090	24	198	500	2278	24743	15520	2064	6409	760	1600	850	1630	208	29	761	589	521	99
SRR28149501	16404	18414	1.4125879734525695	1.9092876712328768	1320	5416	67896	3371	8361	12211	22389	95646	37848	22222	523	12513	4823	64106	3713	13191	105	25855	119750	74	22	223269	75	1665	906	53	143549	101907	10074	31885	7690	7303	2933	3556	15	4	1443	2597	3304	31103
ERR1713391	11105	10722	0.7233395526104365	0.6835900824147164	6700	11201	10275	6778	11236	18831	23716	9838	9322	4984	185	3238	1742	22125	14000	12914	351	12567	25444	5759	90	29002	5680	86	1734	964	72268	49682	3392	19471	5655	5650	1570	1830	1318	1303	3095	795	4860	743
SRR28149492	13659	13335	1.0543473052252548	1.3932693956703561	6447	10726	51277	4842	22130	26016	17822	76022	42020	15442	1893	11607	9400	48116	3531	24090	496	25125	99155	287	157	134703	15	3733	2520	160	124490	114751	15184	38841	6736	11177	2361	3730	109	380	2169	5417	10364	18283
DRR437147	199	220	0.6800092017483322	0.7083969465648855	142	80	129	91	76	75	247	122	18	71	2	8	38	82	157	341	3	25	252	61	12	662	10	8	16	36	954	692	88	313	65	85	18	63	3	0	16	21	18	2
SRR28060653	2117	1854	0.7746456378518667	1.0075757575757576	1836	3563	9258	1419	1579	4426	4379	4881	1251	2585	46	1669	664	5175	394	5414	458	2739	15148	2	37	7039	227	183	961	46	16222	17587	2314	4998	2047	1951	268	189	36	112	107	2362	1620	1583
SRR27067793	1204	1125	0.991697579932874	1.347040291825568	2196	876	845	528	2054	159	3584	2014	850	476	29	186	1037	1294	1077	3258	26	476	2603	898	13	13255	7	397	13	1155	18971	10035	699	1633	1709	1511	1037	533	14	1	1086	1587	120	105
SRR26473344	7501	7093	0.7084414065281296	0.79476232158488	4905	8392	9426	4436	7575	6034	16520	10015	4246	2942	649	3539	2096	10067	8357	13667	490	3220	23567	3834	11	24600	593	83	1406	888	100751	42394	2152	19541	2850	5756	1186	1835	69	154	3736	1100	3325	690
SRR10589506	5006	4657	0.832690317116778	1.052581319009251	734	5083	4779	456	6900	3401	3170	6674	1571	2483	99	1863	2701	8560	14	11925	54	2224	12936	1293	282	9097	27	2902	288	452	11061	12530	2419	4084	370	571	646	26	567	6	46	19	1942	1834
SRR6943129	9437	7595	0.6929874826501636	1.0077804530051722	4488	600	3401	1551	1229	1152	10950	4652	88	2863	22	163	820	1710	2743	26798	47	263	8489	1157	256	25052	289	425	128	3530	24717	14427	4166	5869	661	679	528	1846	93	5	283	115	146	36
ERR1726015	1847	1789	0.7407093229924059	0.7217250369952787	1040	2224	1791	1029	1883	4598	3417	1926	2338	885	16	299	216	4146	1700	1446	143	2452	4160	703	14	4533	1267	11	322	74	9338	6958	763	2181	920	664	164	138	223	476	892	95	366	76
SRR28003424	5299	4974	0.7339393722486668	1.0899856284295792	4859	8952	2685	2069	1240	644	6220	4323	48	651	9	465	2247	2744	5504	17388	48	768	8498	12421	770	43655	111	1055	157	4375	24484	16641	2445	3687	3618	974	1807	875	396	110	543	1797	288	101
ERR1726019	1660	1527	0.7472284833709002	0.710704713857796	1106	2021	1639	887	2000	3672	3330	1551	1891	646	16	315	229	3298	1591	1078	107	1974	3438	684	3	4422	1323	1	298	101	10173	6175	481	2222	1143	563	118	100	158	362	589	82	321	36
SRR29699992	15686	14220	0.7094726982518853	0.7864637985309548	5076	13078	35093	7968	14143	23373	16216	39100	24923	10961	2043	11517	5884	38496	1226	27619	1283	14571	74443	1632	42	33889	581	295	5018	207	115545	80203	10846	25652	5368	4981	5738	3279	39	863	4212	7063	3496	8666
SRR18243831	1733	1450	0.5894298896029	0.5448626805358078	1108	1041	1095	152	2997	2261	685	1411	999	863	64	183	47	3987	325	4230	373	834	3464	38	35	1448	139	3	431	23	15143	4069	983	1095	438	973	66	25	0	2	25	80	150	232
SRR16945708	4772	4549	0.8042740128815458	0.8744315066283908	5970	4851	7750	3126	12931	9717	10589	5832	9804	2542	12	2075	1230	8457	9137	3201	2542	8068	15802	6474	2	46388	5818	5	1222	393	66741	31869	798	16512	6139	3191	167	907	77	51	2408	612	189	818
SRR12825418	13416	11809	0.8353325093586335	1.1228792959963085	7596	16746	53483	8052	15789	19792	22715	29492	8984	15417	729	8595	4489	23240	1187	26956	2541	13298	80907	60	555	41397	559	1899	5742	810	120326	91956	11639	26831	9357	12599	2225	1679	486	644	249	9083	9024	8140
DRR083463	193	127	0.5869304556354916	0.7540983606557377	57	99	81	17	35	107	29	73	62	28	3	8	17	95	9	131	35	60	241	2	1	163	11	2	14	1	471	316	41	103	39	30	11	1	0	8	5	25	11	42
SRR14844107	15223	12888	0.8158735989072481	1.1520459641255605	13933	11480	26427	3947	15975	26212	6361	26968	11881	8114	1630	5205	4663	22882	195	35644	2597	15172	74048	30	1837	55624	673	2418	4980	338	137847	98203	15612	30250	10320	12703	1608	1678	164	671	643	9837	5928	8789
SRR28144604	12125	11258	0.6097122405813974	0.6232270059117211	7064	4868	10281	2480	17277	19614	5102	14409	14468	5708	358	1120	1801	27835	2421	32113	2836	7742	28349	1368	342	22451	960	8	2706	393	98156	38092	6448	9169	3787	7977	1116	653	0	33	1987	3368	233	3321
SRR16945791	4011	3875	0.7537870664613106	0.8435858964741185	3141	2734	3939	2505	1962	2327	7556	5075	708	2074	46	999	1500	4558	6161	9536	296	1445	11184	1871	64	21038	266	214	540	1777	34762	21491	1810	8254	1263	3331	770	1955	254	91	951	1763	901	148
SRR13178631	40116	37926	0.8126529946145896	1.177192232083371	22874	91909	26208	16288	7615	647	13873	21804	56	539	467	140	18272	3356	26913	63071	83	350	62164	85916	2298	251842	257	3895	1911	26059	243485	110618	30298	22635	16065	11275	5940	12654	206	77	1192	599	7025	2652
ERR1713371	10459	9004	0.8010200210748156	0.9401887094194786	16170	7670	25663	6561	77390	24708	23551	18293	48918	6398	13	3958	1083	17347	17927	1504	1331	10976	34062	17633	12	102996	12973	11	1831	335	198671	128296	546	35231	30128	19844	699	13631	708	98	15230	1468	274	10439
SRR27973658	2100	1801	0.854496179136307	1.1479445102351549	5653	5515	1804	1120	3152	212	5092	3859	58	913	35	304	1345	273	4990	5398	8	646	4092	4676	22	26094	52	473	78	2081	33107	16073	616	2308	3819	1959	2205	1491	68	1	1515	1454	158	479
SRR12825406	26698	25259	0.6286012785167596	0.6085172769008164	16863	18476	27438	3868	42830	24414	15865	22166	21270	15487	1221	3896	825	50693	5076	38787	6217	11289	48328	52	60	14587	2662	177	9791	502	253945	59347	6622	22658	3086	18053	673	215	20	127	110	565	3077	4141
SRR8652709	8504	8136	0.7245706395097955	1.2526191632553945	1290	1418	5849	2483	1196	4962	8503	7955	122	5179	98	1569	2999	6879	810	33932	82	3310	11914	1808	957	29064	62	3705	112	2380	5578	14445	3906	4317	263	490	2699	429	229	10	1011	76	890	125
SRR29089225	17624	14878	0.8082869879465928	1.4452708957255649	15776	23666	12941	8027	12183	35	6344	17863	0	3161	952	171	4552	1915	3627	48553	1	102	25015	24657	274	255408	7	3046	456	9471	145145	67405	12872	14758	17029	1211	9213	7663	1874	15	867	1142	146	615
SRR28562168	11422	13311	0.7236477029980112	0.7124711907810499	3159	8474	8296	6485	2787	2204	25314	10185	1331	2761	58	459	365	4585	27870	13381	82	1073	10353	1151	68	33215	399	10	659	2147	97086	46111	2999	29577	1800	4756	1155	2938	64	65	1441	172	441	703
SRR29270180	20646	19206	0.7389724897175085	0.9484016864152263	12654	22704	16807	4517	6911	5152	20425	15749	1686	8016	105	1107	1037	15831	16145	39907	58	1373	32383	3554	216	79085	74	123	894	9329	122498	82437	21153	16947	4244	7237	5282	8208	63	256	11841	623	546	6037
SRR28149496	13967	14732	1.2466519685977744	1.5555728363991121	3425	22323	57053	2940	11088	12365	20162	86748	27279	19905	1440	12708	6435	62567	5269	13129	1342	13400	87886	718	413	197831	61	1983	1027	236	126962	98941	7521	29291	14880	7780	4983	1067	54	312	1793	6157	4701	20402
SRR27067700	400	381	0.8180912035883379	1.0738609112709832	294	532	535	239	1511	730	1145	134	2160	258	30	260	297	563	698	46	3	614	2646	1076	0	4175	615	1	54	13	10039	2763	10	1625	715	187	11	4	0	0	91	114	4	2
SRR22573062	3450	3262	0.9086654876887499	1.3392240713071255	6607	7359	2907	2372	4053	76	3979	6447	31	586	77	271	2365	164	5037	8828	2	180	5133	4451	212	49201	25	999	86	3379	45811	16702	988	2059	5096	1658	2063	2388	72	0	1010	998	249	121
SRR28002755	1589	1510	0.7911513379806612	1.0064308681672025	2608	4898	1123	690	1061	121	783	772	9	236	8	27	808	248	2469	4452	0	107	1802	4300	128	20747	49	169	52	1334	16570	5490	359	1160	1497	402	979	416	81	2	169	294	93	38
SRR30952025	11250	11640	0.6879963018781899	0.7769802333366259	7091	5950	5818	1560	3243	2926	4954	6547	832	3308	217	860	579	6386	6134	27668	321	1190	10157	113	8	26128	23	48	656	6002	81144	24702	4069	6815	1189	7582	606	864	20	93	1656	154	830	824
SRR27216453	2663	2185	0.6944873140317304	0.7649556155924353	1789	1469	1593	895	739	686	3408	2365	292	1088	27	449	137	3381	2621	4186	45	515	3330	295	21	7986	84	31	247	522	20192	9972	1135	4115	444	1612	320	525	35	26	1180	132	191	257
ERR1713408	9255	9634	0.7551632298295138	0.7079186377865435	4564	7007	7761	5632	12203	21323	23243	6536	11731	4094	115	3551	699	19035	12000	5508	309	14949	19661	3357	33	24641	7947	18	1490	339	49162	36411	1947	15536	6193	2839	880	825	1280	1422	1948	431	2880	230
ERR2004613	3387	3032	0.8634737131846958	1.2321310474640077	1879	3474	3970	1078	4657	5326	4371	7627	4879	2398	658	1306	1746	9135	709	8238	385	3854	18234	159	51	12010	109	562	538	277	32708	25187	3237	8352	2006	3019	832	1060	49	31	1415	1899	1470	1817
SRR22405828	11970	6874	0.7452023525730117	1.004528560603327	12049	22055	5234	1639	6088	18	11291	23713	141	1169	24	56	2727	4067	19128	6018	0	214	12469	8123	25	46355	1	91	220	4424	64199	36073	2183	3351	11146	3176	256	3609	22	117	1018	11115	57	23
ERR1713381	9450	10586	0.7340349749979048	0.6541284403669725	6116	12533	5832	5410	9536	22067	13611	9224	5508	4550	139	1532	990	25099	5594	7914	381	10599	20749	2167	221	31188	6634	66	1048	1347	24176	30436	3287	4622	3555	3779	2977	476	3101	3082	2675	359	2213	310
SRR13190158	15006	13678	0.5755602825752927	0.8700537683404721	10058	38195	13911	5528	495	206	3764	12320	0	85	314	12	10192	77	1642	21185	2	47	28914	40842	386	189103	41	1314	48	2736	84561	98611	84256	4309	5778	374	155	2085	645	0	585	12	377	35
SRR29704043	9685	8737	0.7719801632506231	1.1033876080930805	10036	8062	16049	456	11454	14592	4468	14348	6943	5195	1371	2336	3152	16529	236	26437	1619	8401	43171	8	1473	26229	65	1910	1744	196	82101	57264	9684	17346	8449	7464	252	516	203	240	31	6659	2646	3774
SRR28023824	2467	2032	0.9067459520269999	1.2282699461018751	8442	9142	2657	1551	2402	78	3621	2098	3	148	35	303	1475	129	5900	6530	7	517	4272	7072	12	60966	48	571	79	5149	45504	16141	444	1383	4070	1992	3183	2199	51	2	592	1452	68	705
SRR29090678	6824	6052	0.6169657007572051	0.6019883203559511	4420	5213	5202	651	11143	11828	1640	6121	6098	4468	657	899	240	13358	365	11151	1214	6257	16227	21	6	4693	1726	6	2842	8	60366	13765	2258	3118	1882	4228	107	12	2	67	22	55	81	1933
ERR14141142	2499	3716	1.3396362543213587	1.7847407711800563	0	0	7331	0	10334	4402	5204	10857	0	909	0	2689	2673	11657	0	7380	0	9566	26662	0	0	30758	0	3226	0	0	16681	16958	5614	6573	0	0	0	0	0	0	0	0	0	4771
SRR6507280	19855	13328	0.5873128708001598	0.6426289793416736	13107	7910	12217	1012	34657	20006	1485	18980	5751	10101	16	563	255	36773	22	64065	1036	4008	36574	0	0	16251	138	0	3385	39	129512	39560	14075	4190	2731	11181	1914	21	1	160	51	33	289	4914
SRR31818007	50236	44445	0.8502865808037623	1.0827685000913347	8779	47343	89110	12194	83907	73311	40020	105346	154723	41031	7460	38844	33555	124649	501	111071	465	44527	301156	3701	1015	109722	3377	11218	9801	2871	180753	223822	25664	72520	7927	4538	17665	5862	1381	5740	13101	10495	44765	14164
SRR23617189	33188	32615	0.7747027341681951	1.0084892856813126	38030	9276	22323	19034	29919	6717	64833	20077	3207	18610	706	3124	15517	13672	50551	87572	620	1927	62196	11798	44	220933	179	1343	2078	15500	356023	184542	10637	61096	18344	32309	3864	16991	335	22	9669	20485	10471	319
SRR30952026	17335	17665	0.6066170918827737	0.6157504316096352	8720	8948	9941	1597	14634	5319	4980	10543	813	6817	211	1060	985	22948	4131	41228	616	1045	9901	26	16	27124	35	71	750	7273	113382	37364	5014	8525	1396	15148	1164	440	13	166	2586	134	730	2048
ERR14693528	13500	13340	1.5621664936531352	1.933236851125414	758	1194	38569	48	3159	2586	5493	58333	29555	18200	43	13908	2038	67387	6	2994	0	17789	41755	26	0	138434	0	776	67	0	102899	54067	3318	15843	1379	575	1126	35	0	0	68	400	461	30862
SRR27067716	3633	3591	0.7944583995488799	1.0408282429033417	4608	10442	2601	1865	2778	206	3151	2589	92	817	164	97	1989	601	4940	9156	145	100	5040	4938	119	34361	114	277	121	2686	32281	13427	1711	2918	4099	1063	423	1282	203	5	704	226	568	225
SRR5823773	2005	1555	0.7923080436669255	0.9398622677770659	3304	4079	1617	1093	2016	78	575	983	2	180	6	19	924	262	2194	4460	1	94	1973	4703	1	27891	61	112	45	1879	24674	5624	336	921	1497	318	795	1390	11	14	118	115	86	23
ERR1713361	950	886	0.6744117647058824	0.6550657385924207	420	848	710	558	542	1214	1686	758	373	421	32	196	125	1804	680	1585	23	689	1952	275	24	1864	301	45	139	85	4367	3521	342	1147	260	389	213	140	73	82	397	62	379	37
SRR22807978	13796	12537	0.8656585493584708	1.2411658371096748	10727	27396	28186	5074	17690	17598	20032	30145	10210	12409	1905	4548	8282	34030	8888	34342	782	9807	64762	2015	405	61689	642	4393	2966	1898	139780	96924	11056	25352	11922	13882	3661	2435	405	550	3494	7133	7613	9421
ERR2004611	3490	3149	0.9175951401563649	1.3552274009126801	1779	4075	4712	1091	5517	4724	4314	9022	5611	2534	666	1217	2245	9381	596	9150	202	3371	19052	85	40	13417	89	1000	475	381	33526	26223	3874	7991	2039	3419	933	945	211	27	756	1472	2180	2376
SRR22808083	14483	13007	0.834607623525927	1.2000466798926361	11256	27543	28186	6089	13920	16383	22569	29757	6900	12917	1803	3925	8306	35116	10616	35458	991	8573	64041	3863	814	63913	834	4434	3203	3179	134121	96349	11975	25712	12608	14954	3594	2460	652	982	3132	5660	6636	7984
SRR23617163	34368	31859	0.721350823332403	0.8604449339942255	34256	27828	20429	18468	23196	2403	36986	26382	279	10376	173	182	8605	10784	49130	94217	48	1446	31934	42166	681	305003	488	1321	1987	27511	311766	98978	9689	29868	17058	10725	5886	15216	366	83	4794	1521	3662	110
SRR14844108	9495	7630	0.8071459686736491	1.1170469465242538	7411	8558	19361	3168	9678	15560	4305	16664	6913	5080	428	4509	1985	16116	118	21559	1421	8698	50934	63	245	31195	1017	895	2978	120	81423	62865	7482	19400	6380	8403	1285	826	27	846	915	6371	4720	6210
SRR16971103	34574	29482	0.8674202720785014	1.3062804440440379	57908	5388	28338	17717	39426	7285	69203	71144	4061	29683	278	731	28087	27761	55141	105592	1601	3449	88743	26352	436	308060	65	2429	2631	16567	409541	216773	21173	118173	6438	16506	18829	18449	1000	0	5329	3330	6794	752
SRR25522562	30548	38789	0.6968837948252383	1.3136342215938899	8672	2280	32567	586	3138	12654	2996	17674	711	25311	4	46	3079	15546	3209	45742	0	340	100688	1989	148	83102	8	5455	1187	618	157094	88612	30234	55331	982	246	999	74	40	2	21	88	592	3
SRR19843167	37710	33693	0.7172158250398312	0.732572504470832	6312	69542	62501	12680	11820	41529	19902	61424	1555	30384	125	10975	1020	72333	5589	64988	2432	28233	190785	4	96	120066	184	359	9459	2282	119926	256602	28812	61002	40739	45153	38018	2035	1204	2089	9	2028	25370	10143
SRR31840466	4557	4237	0.8413913622368312	1.176323940469895	8121	12056	2976	2096	2778	441	2346	2575	11	556	5	156	3306	471	6562	12504	17	358	5550	15899	255	57303	134	754	161	5142	58003	17413	1083	2865	3494	1198	4804	1816	33	1	138	1634	153	194
SRR26947826	6293	5465	0.7871453387376954	0.8846308455044888	5601	4403	9588	3641	14425	14742	16862	4703	13826	3996	49	3642	965	10895	10979	2776	1929	14531	15178	7832	4	44309	7353	20	1632	229	77191	41826	1150	19872	8311	3462	931	2696	4	4	2652	878	812	1054
SRR19681061	12949	9727	0.7631068714130603	0.9593539977315434	12530	7882	7946	5898	9879	2993	23591	10404	2008	5835	150	1580	5378	4630	19131	37515	461	742	24438	2756	97	101362	205	898	103	11436	76914	74645	5055	25795	10818	9973	2749	7481	294	5	4228	4976	2591	680
SRR30952023	14637	14138	0.7096469071897056	0.839604440176961	8942	13904	10283	1975	3818	5181	6091	11478	187	5258	213	1679	1434	11546	6158	31235	128	892	12885	212	26	35799	27	53	578	8777	92077	42423	10601	8532	672	9179	1889	773	52	256	6342	167	1026	2934
SRR22299277	27339	26934	0.6627741344832069	1.2634808446296395	1405	57581	30904	36	71	458	1381	34512	23	249	1	379	8855	573	175	22811	1	14	51753	36	0	549169	24	21447	4	23	62241	67661	29540	37623	47	47	297	16	0	2	21	41	7	20
SRR17752278	6060	8587	0.7084742423744952	1.2432669371444882	320	1434	6656	35	392	1952	1831	2917	104	4565	0	2778	2064	4855	283	8610	0	888	20990	255	269	19479	1	642	14	79	14743	13079	4661	7549	106	6	654	7	0	0	10	6	80	0
SRR5788230	8412	6478	0.6136179847970241	0.7195796740951317	4683	2161	4552	405	15047	7643	407	6646	4320	2947	12	339	292	11373	166	22328	1207	2238	12526	2	33	6311	160	0	1608	36	64722	8877	2336	1280	1213	2645	473	19	0	168	115	53	247	328
SRR14844106	11982	9960	0.8234986175115208	1.1607767961326887	10932	9219	22215	3095	12778	20108	5141	20319	9266	6394	1120	4207	2990	18639	181	27793	1793	11759	58070	32	1285	42558	814	1571	3745	256	107000	75058	11319	23388	7690	10131	1464	1171	116	704	489	7067	4688	6831
ERR10123002	7462	6714	0.5266323792486584	0.5387043561493188	3239	3062	3747	445	9081	5354	378	6292	2013	3664	15	235	202	16491	101	17096	449	1515	10487	21	0	4919	22	0	958	30	36393	13551	4128	1236	939	4189	862	27	0	65	77	68	170	1790
SRR28062845	1581	1512	0.776236559139785	1.0949540387248191	1824	1500	1768	856	848	506	3663	2624	77	640	5	544	333	2074	1967	4735	100	530	5203	2249	139	10541	8	96	176	1324	10857	6944	706	2327	474	691	616	463	219	17	327	961	102	41
CBI0W2TACCACAG-CTGTGGTA	33195	30034	0.7137563245129398	0.8378514143181306	13429	51429	86116	13349	99060	63096	35932	79990	189278	25714	9930	15378	8113	89344	1370	56658	3870	40719	159337	35097	347	114750	11753	18	19044	10269	659838	254383	7055	74159	42040	18759	11223	377	1	4	34831	30207	847	34880
SRR10589501	8644	8419	0.6389208329541411	0.7904588993927252	7561	3715	5927	77	9702	9864	4762	10433	3029	3495	1418	1357	833	16563	40	21267	96	2944	21915	9	904	18454	51	789	977	36	48495	27947	10576	8736	1860	2806	234	55	41	29	103	564	973	1970
SRR22808030	13435	12114	0.7938003159074697	1.0572570689553817	9381	22433	22100	6884	6988	11984	21995	27001	2111	9659	1331	6752	7135	33835	10704	35809	726	5586	65432	12933	922	58255	395	2936	2507	6211	90292	87360	11095	29041	9186	9609	3825	3791	1619	528	2468	4923	5698	5577
SRR22808053	14542	13559	0.8330484261647468	1.1020360324157792	18786	31723	12786	8276	9981	3961	19349	17364	532	6279	364	1689	7682	3933	17719	28909	527	3497	39638	28170	87	129880	1300	1671	787	10129	183193	80552	7747	20786	11966	11014	8147	6797	847	112	4303	4457	1912	2464
ERR10123142	6078	6016	0.6096879439266926	0.7456630315926353	5049	3127	6061	811	8705	8550	4131	8248	5091	2597	363	941	1111	11554	677	16353	208	2896	18689	470	21	15227	209	157	555	159	39716	20974	3956	6742	2523	3237	593	42	22	63	604	1026	430	1736
SRR13892595	26794	24298	0.6445548259051792	0.6914514347716572	18948	27245	41759	4225	8012	45816	6112	37446	16549	15110	739	6411	1688	42677	685	42984	4577	26428	91118	289	152	48215	3432	188	13053	288	127212	118149	15836	31197	21983	16345	2995	407	289	2865	1299	5741	12822	6370
SRR29090677	7022	6350	0.6155417298080815	0.594329606158134	4782	5432	5284	738	12080	12358	1589	6237	6174	4677	606	885	245	14322	443	11168	1067	6069	17238	17	9	4529	1975	6	2714	6	66484	14703	2224	2795	2106	4938	121	16	0	45	22	76	50	2310
SRR16945776	5087	4891	0.7839429283206885	1.0101936218678815	3823	4296	5062	2661	1776	1467	7865	7025	165	2308	16	722	1585	3525	6431	14260	370	811	12410	4055	427	32477	77	380	486	4234	43043	21481	3453	7949	1468	2212	1194	1874	342	20	709	1040	1107	113
SRR30951355	9215	10449	0.7443764592222848	0.8479832358235824	6582	4079	4595	1964	2956	629	7625	4191	333	1816	58	233	790	2482	9436	25845	62	407	7076	597	34	31070	113	95	396	6211	77044	22401	2851	9481	750	5192	443	1310	34	27	1181	236	334	562
SRR16945783	4677	4877	0.8748205569910996	1.1074737085022912	6691	2848	4555	3387	6053	5397	9364	7598	8485	2219	111	2646	3381	10076	3659	10926	480	2463	16732	2201	28	40256	760	651	311	3686	71187	34656	1782	9239	3907	6200	985	1562	139	30	2710	6940	638	524
SRR29270196	21863	22365	0.7843925985518906	1.0465551581036883	16016	13416	15141	4805	6787	4941	17054	16051	1607	6922	39	912	1765	11882	13868	52558	142	1586	27520	1191	34	79064	138	307	828	12712	175368	65816	11481	17366	2713	12526	2555	7320	55	136	6739	1172	676	3077
SRR29699980	17014	15817	0.7179891003140587	0.8263053862625597	10958	13566	18918	9339	7963	10873	32045	26838	3962	8269	201	7550	4976	28064	20042	41015	892	7101	55658	8390	156	57347	212	730	3070	4207	124413	88839	7808	31688	4998	10519	5302	6994	794	529	4771	9745	4793	898
SRR13516732	2281	2155	0.6893781709379472	0.781126511353583	1271	1044	1944	790	618	368	4643	1322	37	404	13	116	106	1796	3400	5983	188	124	5351	436	19	6957	12	22	178	730	17342	7370	1186	3108	292	921	456	819	18	61	157	168	114	70
SRR24999989	4978	4433	0.634170527032427	0.6781793229643184	2878	3810	4229	2215	1586	2334	6762	4840	757	2253	125	843	618	4475	4736	6890	351	1402	8907	2092	17	15655	438	73	607	492	26111	20800	2678	6783	1925	2826	1009	2140	75	297	1038	990	557	482
SRR9330153	9361	8135	0.7868855498187818	0.9343918951828941	3006	4956	13690	873	9395	11757	1894	12321	19022	7605	2304	6049	3799	11135	1	13474	5	10226	41336	6	122	14647	627	302	1347	5	46739	32633	3050	12461	3530	368	4249	495	1	1257	4601	916	1087	618
SRR20069367	12741	10835	0.8915856134290822	1.1681883920354112	10173	6976	13479	5507	17723	11747	4053	15756	17695	17180	1213	11241	5045	26115	1726	26567	50	9320	68381	609	30	21785	222	945	1381	503	125095	73370	3054	22931	6482	2430	14009	4083	66	1461	14357	2436	1489	572
SRR27067718	430	440	0.8375184638109305	1.0689655172413792	1018	1151	663	245	3085	417	1075	521	1171	236	113	267	323	422	698	702	35	343	1944	1214	3	6713	243	12	38	255	14167	4316	41	1596	869	871	194	131	7	0	297	245	43	22
SRR30689434	1295	1139	0.7829803769185933	1.0660097352487237	1106	996	1008	437	537	699	1662	1331	314	695	7	168	260	1198	734	2625	11	216	2754	680	37	3308	12	3	113	128	8346	5037	667	1745	728	341	147	591	0	5	444	92	32	245
DRR846316	37025	33234	0.775047662309953	1.0776826269594617	34097	24548	39930	17312	18084	15754	81298	69106	829	17352	56	22546	7726	72405	17559	100954	1027	11050	151469	12977	4887	157273	295	2114	4126	20996	150761	172556	26255	64378	10109	8877	8764	7601	7111	4137	19374	13041	1273	1636
ERR2004614	3352	2915	0.8880282925118372	1.302442489481449	1982	3482	3727	1107	5031	4969	4430	7245	3953	2497	661	1241	2312	8750	1031	8686	330	3348	18359	167	8	11823	80	571	474	280	33032	26789	2962	8265	1903	3852	770	1371	65	150	2025	2108	1632	1686
SRR29270186	5001	4942	0.7403903588783236	0.9542094035825954	3481	4310	2515	952	1994	738	4199	3852	289	1794	48	572	224	3362	3826	12025	50	358	5961	1649	188	16706	46	84	160	2536	36476	16309	2960	4883	1116	2738	464	1537	12	3	861	81	179	1475
SRR22573054	3330	2966	0.8590561400601994	1.2389638817949653	7690	6144	3402	2187	3186	178	3581	5013	17	658	28	217	2363	192	4903	7445	1	314	5840	6593	247	57483	121	719	120	4566	46315	17777	936	2805	4998	1372	3101	2432	149	1	979	725	148	131
SRR17205155	15086	13224	0.9915776859170291	1.4956140893513306	25498	1775	9739	6278	16200	1312	32244	20264	954	10573	608	396	10018	5635	9567	37969	205	371	22778	8102	169	123269	10	6756	370	15376	203087	90660	11983	27869	12226	11395	3658	6723	379	0	6706	5930	3262	529
ERR10323221	14778	16095	1.5963073563351504	2.0234301136265964	100	20	34318	368	3085	1113	3228	38452	21372	19797	1	14489	726	57664	1	1657	0	9639	30498	13	0	137051	0	76	0	0	80917	39370	2731	7235	1834	21	757	9	0	0	0	180	0	26603
SRR26389830	31143	27016	0.7437305972112602	0.925804133150863	24561	28995	29507	7275	25100	49797	27672	43635	25029	13594	658	5831	8963	47698	12668	55030	5533	17295	71756	4082	288	125065	4055	2950	5988	4068	245605	113865	14719	23842	19547	15925	4345	4580	1218	1423	5474	10525	4603	7664
SRR12825412	24765	25596	0.6760876880648053	0.6946495441493655	16568	14378	20208	5712	14136	9298	26012	14166	6055	7816	588	1482	1035	19238	20772	30315	1259	4250	29461	924	95	50372	1334	162	4118	7628	198270	57425	5313	22656	2516	17520	2179	1722	50	93	414	791	1874	2297
SRR30951353	9130	9956	0.746561098444038	0.8793950684288502	7019	4309	4660	1759	2739	588	7635	4244	449	1986	35	109	788	2306	9349	25860	69	384	8463	533	14	31763	46	97	373	5963	77929	22110	2749	9058	818	5367	375	1852	32	77	993	191	140	458
SRR17752279	42957	48784	0.7745145013498466	1.1938817613925325	7678	9918	30904	11248	1503	6884	8633	28507	415	25244	1	37422	7382	50383	6419	78342	0	5088	127449	1051	4290	62085	27	2970	1136	613	69537	63006	18187	30933	473	3663	8836	39	491	10	21	9	335	9
SRR29704040	9246	8411	0.7959948439370224	1.2158925075636233	9216	7611	14344	247	10152	12236	3735	13875	4755	4820	816	2265	3838	14713	251	23092	1057	7591	36197	5	1260	24679	48	2429	1417	272	78948	49658	7997	15313	6963	6494	310	458	213	145	50	5842	2419	3454
SRR22808082	14346	13378	0.7749639374531186	1.0185752323219566	19613	28485	14227	8265	10618	2843	20996	19249	435	7108	273	1574	10300	6041	18033	37043	421	2397	32310	25788	369	112707	821	2715	995	10746	139642	78293	9418	18790	15533	8601	6762	5902	1249	213	4736	3823	2570	696
SRR26389832	37191	33212	0.7668031877519322	0.9305437372362151	74988	87160	41959	22229	143487	15924	77880	50038	33128	30682	2	846	32677	17154	152062	64234	14246	16628	93525	72637	0	239767	15791	37	10714	1100	846745	276930	1102	115703	83699	28557	1349	7340	1597	164	31910	4975	284	250
ERR771019	323	291	0.6589713617767388	0.6578680203045685	221	189	444	84	322	604	125	372	352	171	6	60	46	538	12	532	92	304	1022	2	1	414	35	1	132	1	2739	1096	205	300	171	147	25	14	0	11	8	48	74	93
SRR12825370	11024	10207	0.7719791877146899	0.9499890506952808	10364	14322	23347	6601	8781	9201	16480	18326	2426	7914	333	3275	3857	16760	7900	21969	873	5638	41991	2087	179	43111	701	1060	3038	3336	109965	57617	6925	14701	6971	8474	3797	2104	314	255	1056	3479	4174	5367
SRR22573020	5247	4850	0.8852996581315845	1.2382176799895848	8545	9832	3692	2971	6201	59	4920	5048	16	802	42	204	2998	165	7488	12759	6	163	6517	4856	69	59677	16	868	146	3848	62251	21332	1131	3542	8169	1619	2507	2518	88	0	817	434	395	112
SRR25694619	2704	2571	0.7779514986194738	1.194723912026205	2651	3613	4669	700	1765	524	3205	3305	128	1374	2	142	292	2577	1813	3968	12	187	6285	615	50	10025	36	29	186	1759	14445	12938	3335	2805	727	775	418	1286	12	288	2079	177	173	863
SRR12360564	2790	2724	0.700306670074112	0.8924554826616682	3651	4936	5696	630	3779	723	3808	5324	93	1471	8	1284	82	3908	1827	2180	6	1887	4411	3669	487	11748	8	1	344	1956	16317	17213	3738	3955	320	658	60	3237	1	0	267	2547	105	2325
ERR13257692	9984	9625	0.8497506915890993	0.9347300222093335	4822	10685	18169	2379	19119	8611	4454	23416	33517	7588	2544	8945	3367	28817	580	2062	719	7756	36235	129	0	10419	20	15	3365	6	95917	42174	3666	24209	1545	1111	135	15	5	12	112	710	756	9898
SRR23617193	26626	26002	0.7288213848847528	0.8524181118572091	23246	12991	17914	15090	23118	1028	51752	19495	1118	12365	207	847	6533	5308	54757	58672	47	1755	17581	33043	403	132474	25	138	1466	12305	261592	118418	6284	42006	12823	18364	1671	13357	242	4	4003	11443	6720	1501
ERR1713384	11520	11786	0.7313784760485862	0.6817802771125556	6758	11902	9415	5935	6166	25699	19510	7605	5660	3096	159	2347	1738	27439	8095	13922	1748	12496	39125	4400	115	31956	7783	146	2040	1758	37618	39642	4075	11527	3140	6857	2471	1572	1194	1109	4501	311	2527	358
ERR10123278	9174	8109	0.5340111397608713	0.5236105376166488	3402	4583	5271	682	8626	7983	857	8118	7797	4774	188	682	372	21333	271	19928	1912	1904	14914	95	0	5908	36	4	1534	100	48589	17731	4471	2239	1110	4799	684	14	0	29	273	567	174	3371
ERR10123312	5136	5149	0.7524165431428631	0.8523816713218088	3525	5264	8599	2406	6731	11169	7057	8646	11436	2262	1126	1902	2364	10509	1960	8121	941	4118	19944	2008	6	24645	207	55	646	1189	53817	35669	1629	11188	4720	5204	1216	304	9	31	2545	3677	1051	4095
ERR1713387	4916	4359	0.7354206690694315	0.7451507263414224	2576	4830	4165	2991	2817	4901	10187	4133	2556	1648	80	1093	1129	7553	6060	8866	346	2981	11131	2192	83	13922	1358	182	677	581	28478	19897	1710	8058	1825	2711	747	835	204	237	1674	275	1479	142
SRR21542053	6726	6788	0.7827604795030418	0.8526320739190746	412	5942	11583	351	16290	3797	3079	14161	14367	5734	160	5396	3873	20003	2	9446	6	7955	22561	1730	307	18205	15	904	1586	2	16694	26668	5577	6903	505	141	2115	268	31	2454	632	229	5800	2013
SRR27067781	6080	5544	0.9599035700358067	1.4716342082980525	8403	3758	3801	2962	9049	2481	10063	10361	1784	3885	552	984	3970	7082	4634	17422	270	1300	16746	2061	79	39991	14	1181	233	4842	66894	39136	3477	13261	2353	7461	1644	3298	115	12	3251	2822	789	653
SRR14844111	11445	9128	0.8309307020920568	1.1129838615366623	8393	8106	20459	5478	10225	19344	3718	19395	8091	6067	655	4327	2629	17493	93	25650	2388	10441	60550	23	599	38787	729	1417	3554	171	101150	70975	8911	21219	7481	11674	1069	1176	26	658	557	6879	3984	7341
SRR25242038	10251	9146	0.6617685646811861	0.6585008973582231	1501	4170	9626	1328	8611	5972	3521	15862	6817	7877	206	5578	3996	13656	69	18925	3	6556	34041	8	181	8807	1199	966	1550	46	14823	24778	3987	7175	1146	143	2784	986	108	3256	2210	39	2884	60
SRR29699988	14440	13301	0.7104545362020884	0.7837645554344792	4864	13474	34426	6685	14615	22505	14887	36583	23825	9969	1715	12030	6898	38241	793	28662	614	14094	76686	757	38	31763	541	614	4767	217	94977	77481	10382	24003	3999	4004	6475	3525	137	1100	3841	6791	4758	8466
SRR11582147	5507	5023	0.8213438360064534	1.2020171878730008	794	3202	2413	1001	1555	409	4631	2933	21	2284	0	477	1088	3421	454	15215	1	411	10875	366	403	14237	0	1097	300	3208	33606	13283	2556	4481	309	1873	1883	143	999	0	423	18	419	179
SRR14527632	10227	8712	0.6724076094266032	0.6689250043688081	4501	9429	17460	1644	10989	21095	6936	11958	12294	6659	785	3225	382	17734	1101	12296	3339	17560	36221	191	0	9515	1445	1	5200	30	96470	39811	5383	15891	3309	9480	179	262	1	93	898	1954	393	1968
SRR22573009	3387	3048	0.852435341998162	1.1261402648357037	5435	2619	3602	1963	5658	657	7316	4964	568	2511	112	187	1880	1171	5743	7700	299	449	6959	3002	52	32505	287	510	228	2840	43225	20391	1223	6450	3707	2453	649	2589	117	0	1164	1354	511	174
SRR16945789	4912	4778	0.7780476596862076	0.9106299900926628	3246	3430	4987	3339	3187	3172	9753	6870	1391	2361	32	1592	1462	6500	7587	11437	488	1809	14203	2853	92	23282	671	230	774	2422	47254	26777	1606	10983	1822	3689	931	2032	560	51	1537	1920	1431	215
SRR23617169	15879	15662	0.7076381750612794	0.8250335411569726	19305	5824	8636	9392	16253	566	25763	11814	407	7223	227	557	3059	1479	35342	42075	169	1309	16586	8310	15	102761	40	290	1222	6621	180621	63710	4141	26992	6906	8011	1422	7819	249	2	3508	1894	2735	31
SRR5352536	2709	2500	0.8006054811982154	0.9993278064082456	1541	6410	1653	1179	787	189	1609	1489	7	341	185	41	1111	395	2642	3735	55	81	2838	2749	42	13451	116	175	119	1305	18026	6996	670	2208	879	870	613	491	29	0	169	166	648	253
SRR29704038	9750	8741	0.7364373450012107	1.112579108762315	10665	7062	15135	223	9863	12223	5516	15541	4824	4552	971	2152	3423	16193	188	26393	1123	7121	37612	3	2166	24056	35	2471	1330	277	74511	50881	10523	16292	7326	5530	255	362	219	122	137	4695	2325	3095
ERR1713345	7281	7321	0.7499896919968664	0.750076547612615	4627	6854	6855	4172	5655	14359	14793	6115	6432	2409	75	2172	1323	15187	7541	8430	764	7588	20585	2046	160	17350	3845	43	1302	843	40308	27630	1970	10030	2727	4336	964	1078	415	457	2839	555	2061	198
SRR30888638	2363	1939	0.6174123973463483	0.7237472521278394	135	35	645	356	1004	1464	1701	2557	3	561	0	1379	1076	3458	2	6403	0	780	2759	3	43	1839	2	1062	21	2	1209	2253	123	220	4	5	17	2	2	0	0	1	1878	1
SRR12360567	6187	5879	0.721681772884734	0.9593330265781459	12847	12089	12913	1113	8789	1039	8594	12383	108	3586	14	3166	141	7738	2840	3966	39	4695	9888	8546	1233	25366	28	3	571	4353	32949	38691	8867	8371	581	1236	169	7232	8	17	206	5976	176	5852
SRR12042685	24973	21278	0.5584877030092696	0.5130122617282165	19145	12287	16126	1727	37129	29011	5382	24288	16908	14213	205	2509	1057	58903	1699	61468	9665	5293	37324	53	0	13172	82	0	6266	336	202953	43522	5230	10491	3400	14119	2852	188	0	177	2880	177	369	3639
SRR29270181	18920	18196	0.7423450893896721	0.9567967409948542	11935	16310	12414	4099	5398	4098	16618	12751	1484	6588	67	758	1231	11439	14706	42129	136	1428	26187	2104	167	70973	106	281	787	9245	124902	62907	13510	15489	3223	7779	3407	7131	62	166	7336	583	630	3591
SRR490146	35031	48368	1.4443841170915412	1.7359664214024333	2465	2825	116510	46	14288	6612	27	56260	78178	94585	1103	30210	18268	133134	12	4909	0	24347	186582	25	0	399118	2	595	326	2	168140	325688	1121	215233	222	12	45285	11	2	738	1238	150	241	61435
SRR5050798	15770	13420	0.7334864244225314	0.9065270390070922	16372	9179	5868	6262	15491	8240	34109	13042	5445	5298	678	1695	6697	12435	24430	38010	252	3212	30447	22750	266	117604	3230	2600	546	10476	110602	83671	6107	24820	11704	13037	7563	6024	400	111	6846	6293	478	288
SRR28012167	2118	1408	0.8494831736442158	1.114551654225417	4911	4573	1974	1644	2429	224	3362	2288	30	387	77	179	963	219	4984	4557	0	380	3016	6021	81	37075	123	367	102	2474	24141	10205	632	1247	2917	752	1863	1539	50	2	390	570	76	167
SRR30952015	12254	11737	0.6417276281322312	0.6846582429608994	5114	11045	9652	2198	10752	7504	4555	13145	1736	6226	379	2194	1001	20567	2030	26224	1016	2813	14511	36	27	18431	48	95	1292	2326	75248	35749	6191	8943	1771	8011	2836	1212	24	137	2758	345	1014	2507
ERR1725938	3817	3596	0.7400029356874751	0.8081458465915472	2634	2258	4378	2588	6406	7414	9372	2578	5753	1836	50	1832	429	6006	6199	2239	118	6176	7675	1801	23	12691	2774	8	607	167	26832	17354	825	8421	3452	1475	299	370	116	201	813	280	856	246
SRR14527628	10514	9932	0.6819400812198299	0.6958607749556107	4447	9754	17710	2221	13104	22227	7621	13455	12701	7273	1243	4246	577	18896	1260	13195	2948	14650	36143	123	30	11880	1441	14	5053	144	108026	43809	5314	16979	3956	9478	386	277	0	138	1313	1979	601	3388
ERR599080	16827	13563	0.5470818541652122	0.546533056899332	5928	8282	7951	717	16661	15927	341	13074	11956	7606	49	617	253	35348	87	41914	4295	3194	27338	6	0	8253	48	7	2650	89	88527	26700	8283	1378	1288	7838	2241	56	2	73	189	56	391	4905
ERR599029	56436	48349	0.552189684016323	0.5244669768733939	38380	39333	28596	4605	60283	67982	4080	45391	34990	30144	651	4476	2826	135273	1072	130241	12378	17006	89930	84	34	38742	179	5	10213	1554	279628	113464	28638	10580	5806	31305	15087	733	9	59	3008	547	2088	15604
SRR9330156	11910	15972	1.7096809462280091	2.1955526349260186	1928	31	40250	0	817	180	20	18531	43868	26027	77	10722	529	44209	4	285	0	6629	66619	5	0	144615	0	61	4	5	51790	98027	666	70664	11	4	5033	1	0	15	33	4	18	21578
SRR13516739	1106	1032	0.6952058207913884	0.8644007155635063	1052	588	651	224	424	202	1236	526	56	279	19	36	26	535	1336	3290	3	94	1168	187	10	3644	20	2	22	800	6116	2813	378	773	244	499	85	407	6	21	181	38	41	140
SRR22808022	13836	12555	0.7930116716315867	1.0635168747004997	10984	20281	23994	6932	8502	13033	22590	29148	4337	10306	1279	8937	8461	36060	8400	36619	928	7563	72418	13537	694	56553	572	2847	2469	5878	108615	90960	9691	31577	7402	8142	5205	3596	1975	540	4849	5494	6685	5804
SRR25522567	33853	42201	0.7099473764880192	1.2395807839576836	1511	18672	27093	2127	1007	2114	9215	17862	232	17000	1	9191	12555	22070	4496	84508	0	179	85076	552	3610	126094	322	4482	793	592	44504	44094	10485	24184	239	15	7525	55	1412	0	7	18	151	3
ERR1713363	7449	6737	0.7340911516704024	0.7233372385580118	4620	6313	8740	4636	10396	13995	21104	6086	13152	3655	94	3430	802	13324	11744	6785	317	12391	15846	5273	11	27393	5487	12	1276	214	58797	41265	1777	18382	7308	4770	989	1390	564	424	1512	892	2536	721
SRR20069368	14902	10691	0.8786098253475084	1.20705046708308	11604	7990	12852	5404	11685	9147	6449	16425	7242	15401	209	12092	3985	26519	829	38098	18	9024	88284	754	74	26726	1038	658	1776	2905	69856	65470	4776	22391	3673	1631	9993	3576	285	2665	10856	2583	1860	1181
SRR24999986	4939	5196	0.7085468521229868	0.7974795549001207	4648	3180	4250	3108	4029	2592	9275	4821	1892	2482	99	1136	1182	5332	7808	10032	190	1225	10538	2046	13	20244	257	85	662	826	52707	25142	1265	10473	1526	4035	761	2511	87	62	1080	1622	1411	309
SRR31818011	88419	107763	1.1666569797478819	1.532350794680506	14308	55174	128817	1412	148312	23659	4735	186414	302959	90709	24263	68819	43392	333324	131	13561	167	60275	289811	849	7	270682	119	52	7143	61	716323	291729	45885	159377	5509	2834	10207	1304	64	314	3592	3509	9288	49846
SRR31840428	4161	3903	0.8500707213578501	1.1404255319148937	7542	10874	2761	1827	2731	411	2226	2454	13	545	12	185	2869	497	7090	11219	30	493	5200	13706	187	49728	155	641	160	4581	52699	16109	878	2545	3740	1084	4237	1538	30	2	261	1357	276	161
SRR7151636	1641	1435	0.7044229742195466	0.8851227395824234	1847	1524	1085	912	971	86	2265	1232	15	686	11	56	428	358	2142	4036	16	132	1905	3479	40	11175	10	99	71	1213	13765	6014	524	1489	1201	579	535	947	58	2	291	242	135	11
SRR16945787	4069	3884	0.7910986528998951	1.0270778765632493	3191	2676	6531	2498	1989	3849	7013	9285	518	2365	53	3387	2116	10104	3591	10626	572	2823	19741	1648	321	16773	130	315	990	1062	32902	26363	2144	10618	1440	2548	1087	2074	334	115	1788	2972	934	309
SRR27942915	1958	1511	0.8366240987700863	1.0375055679287306	3813	1658	1679	1143	3120	371	5631	2996	410	1063	49	308	810	842	3585	4953	30	373	4205	2517	22	20762	45	433	74	1877	21941	11653	711	2796	1971	1451	1040	1086	41	0	840	1430	201	86
SRR29270206	3718	3203	0.7504800607332649	1.092538738660532	2666	4043	1860	488	1539	363	3267	4097	103	1586	29	781	100	2706	1647	4594	18	242	2659	2967	151	6514	7	12	119	775	21076	12447	2912	3966	949	981	128	757	6	8	242	107	59	2332
SRR30952032	13785	14497	0.6997063638489722	0.7487113751049406	9553	4608	6123	2914	3600	605	13805	5530	272	2172	139	166	520	2188	16182	30193	109	356	8039	620	37	39466	101	64	608	6585	103862	24223	2327	10989	829	6930	613	1805	25	14	240	189	174	88
SRR28305195	12265	13923	1.1229364823169954	1.3139832655464716	872	9080	23961	794	15584	6524	4463	32802	37848	11612	2903	8725	5704	41818	464	8170	27	11348	47196	4	19	44411	6	115	2361	2	93010	51425	8145	24537	958	2970	120	55	8	188	844	568	2807	10225
SRR10589504	9832	8998	0.7401837147750272	0.8843381580483249	4183	6823	8615	739	12558	15101	3839	12438	6312	5329	841	2965	1535	16778	35	23300	118	2305	37487	38	648	18270	29	1909	766	607	47270	27399	6811	5882	3527	1853	1590	38	15	28	137	123	3183	4212
SRR18243848	2031	1579	0.5869285254346426	0.5352772715438688	1249	878	1191	126	3116	2730	521	1481	1180	960	22	190	49	4176	213	4824	503	949	3996	12	91	1618	93	2	546	11	15873	3595	1207	864	402	795	66	16	0	6	14	29	69	127
SRR27067720	1222	1129	0.7617235079171741	0.9984694587449562	2071	1689	991	608	2283	278	2309	1369	141	723	166	267	778	456	1973	2482	35	211	2328	2328	2	11741	104	90	76	928	18150	8416	318	2639	1661	1191	647	514	9	0	847	265	162	163
ERR3078911	10620	8896	0.8172623319458399	1.0057588016039853	9656	10261	5113	5034	10750	919	16449	17241	43	3106	102	47	6029	929	11453	26634	3	407	6474	11411	73	93614	555	1505	109	13748	95590	45453	2598	3525	8162	4995	11108	4665	123	7	8483	1450	285	52
SRR33956864	45106	41332	0.7167257257290501	0.855776987573208	8055	97192	48794	11820	5986	42962	24617	69777	733	26299	49	14026	4233	86466	6976	88570	2346	19558	176881	6	299	116621	30	3503	6236	2857	117657	205895	23827	32854	36341	34269	32494	705	2376	1189	5	2312	28960	10563
SRR15430509	21809	21580	0.8808453591988014	0.9575781381516189	10994	34814	46822	10137	69948	56834	38887	56513	147385	14729	13713	22992	11641	70085	951	1866	11440	50355	108037	998	0	46759	11250	46	13977	110	396511	155988	19772	45235	20885	691	425	722	9	0	25685	25350	1093	16121
SRR29089222	18813	16713	0.8131372087314191	1.4004383439889303	18597	37702	16838	7388	21169	372	15511	19204	3	6926	78	50	5297	5030	17888	40724	34	697	27034	27258	666	192477	119	1948	443	14597	142220	94661	12206	26916	22915	3760	6779	10267	464	36	2932	3329	964	4093
SRR5788065	3610	2580	0.568050284629981	0.620066918325326	2806	1281	1856	137	6593	3303	191	2483	1211	1498	10	270	169	6238	41	12283	563	826	5281	6	0	2428	16	0	482	10	25462	5893	1358	665	644	2275	395	10	0	36	45	19	108	338
SRR29699976	8405	7258	0.7565751925074149	0.9052031239295746	2420	9507	16600	2241	15543	13081	6183	23104	29435	6099	1506	7206	3140	20519	52	13182	88	7724	42887	130	33	21056	69	528	1790	64	54578	41141	5139	14159	3292	655	2332	1439	79	607	1508	2475	5110	4346
SRR13516745	1087	1092	0.6821457990115322	0.9194570135746606	973	761	626	215	308	193	1035	523	94	251	13	24	45	531	1234	3474	0	59	1167	103	3	3326	5	0	36	793	5626	2793	501	664	127	484	103	271	0	11	409	26	39	158
SRR25242039	17183	14903	0.6495368453172338	0.7165124652477097	2852	10241	17762	1777	13054	14429	7619	23885	11939	12659	382	10487	6988	27152	157	40129	46	12539	63530	7	390	16443	1812	1570	3618	116	23453	50273	8787	14944	2257	221	5057	1610	157	6855	5062	66	5038	219
SRR27943306	2196	2182	0.8740881060819797	1.1988925130850339	5461	3184	2192	1270	3360	636	5861	4093	527	1489	70	560	1843	1278	3666	5866	38	737	6096	3538	11	24218	94	506	90	2148	35428	18762	991	4185	3451	2767	1640	1400	77	3	1526	1935	520	267
SRR25522548	44023	61092	0.8550195892159934	1.4528520706992174	3357	75869	51442	250	2418	8	457	64926	643	5	5	3	53525	5	1713	143523	0	148	185512	2217	330	564670	0	2505	18	485	59872	104839	97761	5596	925	10	22	35	0	0	9	7	473	1
SRR18243842	1812	1649	0.6183372308684784	0.6095710533994747	1170	1381	1276	224	3089	2485	1165	1791	1493	983	128	282	50	4153	605	4380	478	1013	4004	39	66	2018	130	4	470	59	16978	5115	945	1765	533	1016	87	31	1	9	46	154	248	280
SRR15357916	1605	1478	0.7083545693339084	0.8634809634809635	1345	2353	1847	6	4330	563	2054	3498	3979	2001	110	1411	125	4037	0	4820	43	1451	1767	456	2022	4279	0	0	141	0	1861	6794	2171	1826	2	15	123	0	0	84	43	3	1106	1421
SRR21518228	2592	2144	0.8048729695960016	1.1711585251731238	1358	4002	2689	677	1454	3238	641	4290	2281	1012	10	164	424	3477	53	3386	240	913	4473	28	0	3396	99	15	305	500	7018	9814	1794	1492	961	956	950	272	18	83	1499	182	85	1522
DRR846327	37489	32304	0.7939721015737515	1.087324115884814	13167	21233	66910	9209	84094	46314	23149	69664	129528	37567	3024	46539	22730	78954	976	80759	21	38247	291032	654	454	62774	6803	1467	10035	1157	237265	148473	14604	33449	11053	2286	20850	7471	355	6374	32419	5167	13075	1370
SRR26389829	30669	27104	0.731943731943732	0.9394757270572752	55344	36201	17487	18442	129936	3017	63467	35469	1119	27351	13	72	23406	1773	204177	67556	888	20822	27812	64185	23	78866	1423	45	5139	849	600304	215367	672	86680	81440	5019	281	2940	39	97	34939	2661	385	214
SRR29089223	33271	33582	0.9967786573027021	2.549175881493845	30684	2716	13552	713	1305	56	1953	1697	1	1511	0	7	12381	157	1172	105093	2	51	49157	1974	42	515611	4	1650	80	4964	130796	74737	4206	63530	2171	212	3380	424	299	0	199	162	112	42
SRR29700001	21354	19517	0.7509012688175072	0.8726513436832541	5180	21629	38978	5932	34905	27080	18389	52448	59729	15463	2767	18291	10810	54362	587	37627	136	16015	122919	913	212	46940	188	2235	5105	1197	119015	103903	14091	34358	5567	2375	8334	3106	557	3049	4583	5198	13787	8898
SRR5788032	4184	3091	0.6045226966209101	0.6565363881401617	2161	2012	2047	213	5453	5097	136	4312	2001	1703	7	119	468	6958	58	12748	982	1406	7220	6	0	3159	16	1	990	10	27915	6279	1377	791	1302	1813	250	58	0	214	39	41	215	179
SRR30689429	902	824	0.7371760973030143	0.8903867757984272	704	407	543	379	249	251	1446	632	65	351	5	56	65	456	1056	1794	1	107	1203	407	12	2601	21	1	63	99	5591	2769	247	1238	251	330	63	293	1	16	123	61	69	77
SRR24742790	9756	8523	0.6547863479642041	0.6281262173743669	3070	5424	7434	3401	3022	8077	9927	7788	2014	3729	214	778	540	7177	3474	8634	921	3625	16121	1146	50	13494	536	110	1226	997	35771	34246	3769	12782	1226	6643	4469	742	83	150	1179	937	950	1316
SRR22573005	3974	3573	0.8382725374327987	1.1738421668617287	6787	3461	3610	2480	4372	591	7047	6920	75	3107	98	96	2040	268	5393	9898	19	304	6085	2933	95	45084	75	719	140	4616	45638	21036	2061	5411	4700	1925	1066	2598	171	1	1411	1116	531	45
SRR27942984	3263	3034	0.8767717514436493	1.1714240985231958	9105	6764	2972	1872	5269	469	8175	6585	311	1690	40	689	2263	815	6657	8445	10	1074	7113	6999	5	41862	122	780	117	3204	54678	25935	1338	4376	5714	3364	3070	2181	106	1	2514	2346	363	562
DRR846323	37051	34630	0.8212184584271729	1.1074831397728986	36374	21183	53503	17203	61557	34034	53435	65803	47964	26920	2396	30860	24071	66879	11850	81061	223	26581	188807	5044	665	176551	2633	3616	6281	12759	352163	226326	23514	52659	25763	25503	19005	12895	374	7698	29157	22219	3193	4346
SRR23617155	25616	24608	0.723243028755384	0.8982775430614235	26059	4252	13558	13901	21331	2744	44828	19041	2003	15077	177	1338	5755	7468	41524	66291	449	1858	41796	8879	262	141902	92	485	2302	8887	285360	117737	6349	52046	6455	16183	1255	14877	251	1	6067	8173	6048	32
SRR29699973	12745	11295	0.7624754687172145	0.8958663207896775	3909	14353	24909	3250	23111	22772	8857	36731	47085	8909	2238	11505	4557	30477	76	19143	145	12518	63295	147	23	33244	72	660	2737	32	89765	60336	6663	22188	5554	1052	2468	2187	58	248	2126	4245	6140	7407
SRR10907121	7250	6542	0.7832530252090641	1.009551416080593	13990	6316	17094	4389	57612	7574	31289	12114	16193	3996	17	3047	2466	8673	15448	5428	26	6783	33932	21815	3	74811	6987	7	781	244	261869	61176	107	27271	11823	9410	83	1694	67	3	7394	2607	667	50
SRR20069378	17563	19244	0.9708144071981722	1.3297184830238644	14964	17379	8643	3173	41827	5971	1646	19895	19685	19895	1525	10621	9320	12209	2650	45360	7	4013	32960	49	2	19078	35	19	882	70	141197	63301	587	26624	5434	833	17714	2146	2	601	5661	359	2963	377
SRR5788175	5394	4074	0.6207600064581468	0.7526336433934775	3504	2521	3303	169	12081	5129	1146	5170	2322	2424	34	182	104	9154	35	18750	234	1401	9030	5	1	5553	17	2	756	31	38170	13300	4926	2408	976	2968	382	4	4	82	91	67	193	1199
SRR24742794	7460	7105	0.680778457974851	0.7218685539512056	4654	2878	2901	2460	1723	1100	9183	2953	321	1287	21	193	510	1861	8076	14575	55	406	4459	1618	63	18265	304	93	249	3091	41890	18444	1276	8908	960	3886	413	1670	38	36	509	298	371	79
SRR28060661	2529	2257	0.7372319566773521	0.9481619515500593	1725	4506	9378	1380	1614	4383	5073	5372	1124	2864	68	1659	738	6069	273	6176	318	3046	16561	16	47	7229	303	213	1139	139	15390	18725	2433	5048	1887	2508	604	176	66	174	113	1967	2235	1514
CB42018GTCACTGT-ACAGTGAC	20278	19255	0.7716849329601189	1.0325841422678075	1039	7598	49896	4731	35446	79520	28586	31209	180222	14801	1391	3795	967	47782	356	2282	8456	123876	102198	3514	89	68777	6133	16	24759	164	365570	194914	13350	43035	25866	29160	1597	65	10	340	24219	23666	255	33351
SRR25894123	7960	6748	0.681695027581233	0.7030991050712628	4636	7885	7089	3651	5133	5263	12710	7930	2706	3598	104	1746	968	8157	10549	12879	1164	5010	18216	2621	47	30482	1541	66	1536	1202	59903	35307	2719	14135	2516	5751	1735	2361	66	47	2299	1553	1081	1044
SRR28023265	2292	2243	0.8714547482472913	1.2152479429112357	6518	8679	2042	1368	2818	115	3478	2685	29	299	30	369	1432	226	4108	5969	0	247	2928	5446	18	43020	39	358	85	3615	42358	14606	403	1537	3539	1601	2728	1578	37	3	844	1330	135	871
SRR28062196	1703	1652	0.7693829113924051	1.0154460719041278	1801	1226	1614	945	845	462	3292	2217	76	519	15	257	299	1331	1914	4861	119	320	3686	1067	109	12362	11	146	149	1369	12266	6002	788	1580	463	904	476	494	90	21	235	847	94	10
SRR25645255	24	49	0.5573770491803278	0.888030888030888	0	58	28	1	0	0	0	33	0	0	0	0	0	4	0	140	0	0	55	0	3	291	0	7	0	4	69	116	96	17	3	0	0	0	0	0	0	0	0	0
ERR15302197	26458	24376	0.6190455267952909	0.6800087819202217	11349	6624	13685	8521	1881	2376	34227	9760	257	1248	43	3494	1323	32438	19220	67587	16	1282	50970	39148	9367	101013	128	1321	2039	13710	54924	40659	5542	19178	1111	2081	7524	2360	316	242	649	718	855	83
ERR1713394	23206	22025	0.6884489592583768	0.6789109168516684	11249	15325	21103	15440	12453	37283	32454	33433	8611	15941	535	5908	3364	53107	10762	34887	862	26467	61277	4528	32	33706	4022	209	5984	109	76220	129246	15942	19743	4175	13767	7092	2543	695	13232	13656	769	37246	386
SRR25000042	3592	3647	0.7110682656044748	0.7886952922139013	3357	4052	3910	1750	2694	3009	7043	4434	2419	1649	59	1008	914	4455	4156	5805	301	1856	8566	2677	19	21239	698	122	536	1541	32839	21418	2369	6805	2659	2666	987	1277	108	131	1510	1795	787	324
ERR10125032	10568	9375	0.4978575333559893	0.4193978960723159	8258	3009	5002	485	12558	8207	140	7307	3695	6045	39	856	1069	26518	26	27085	3795	1802	13336	7	0	3418	11	0	2154	3	61187	13636	2552	1808	823	6089	597	21	0	11	131	64	41	1499
SRR28327205	5009	5207	0.6958418891170431	0.7721351758395646	2845	1606	2010	1010	2277	377	6446	2722	12	639	23	25	207	1094	5228	17333	10	135	4221	401	47	21863	44	37	200	2700	45994	9269	1562	3779	256	1801	241	1030	11	40	82	240	194	33
SRR19681052	21034	16004	0.7431738291652366	0.9199954770666722	15768	18617	12414	9485	13623	3862	35161	17119	3137	7839	175	1609	7620	5122	30172	56978	476	1128	30533	6319	193	149450	589	1590	125	20727	108819	112667	6730	34370	20944	15275	5176	10539	556	18	7041	7363	3688	967
SRR28062831	2055	1867	0.6706766917293233	0.921618714708255	1259	694	1335	972	270	513	3727	1831	34	472	13	505	327	2526	1451	5866	31	329	4681	2779	424	8362	15	165	151	1278	6013	5287	968	2288	212	221	517	264	179	3	172	364	71	28
SRR23617208	16462	14734	0.7634997310439224	0.946679484565114	13798	2223	8012	8298	11106	2005	27631	11561	751	9093	124	533	4556	5294	23172	40404	217	837	21889	1489	39	71820	85	204	1314	4489	134815	73558	5093	28254	3388	10542	448	12449	107	11	2638	6956	3649	23
ERR1713386	15060	16692	0.8128129468278237	0.9352034104509352	12511	6857	18033	8725	32755	33755	37909	8914	37302	6017	96	7190	2805	21629	22229	4100	1315	29288	38712	8405	149	70351	13870	18	2667	365	113621	76633	1659	35683	16952	7483	830	3241	609	377	5337	572	975	2915
ERR13301390	19797	17724	0.7681155840948383	1.017543724359172	14075	28377	48303	6835	15470	30291	10497	34630	15240	12585	1046	4670	6407	34842	2207	47345	5320	22592	102041	21	1112	65395	1140	2000	8033	1036	179525	139722	19231	36886	14895	19391	2619	1036	377	849	309	22780	13381	7968
ERR1713390	9121	9686	0.7138131107491856	0.661278565673875	4003	8948	6873	5313	8875	16572	15487	7660	5532	5048	98	1868	1094	22035	6154	13550	199	8883	20165	2757	211	21282	5917	193	1445	714	34873	32282	3097	8597	4033	3041	1357	885	1554	2082	2402	584	4094	556
ERR3589577	55395	46823	0.5707793528029212	0.5020585881407987	22647	32819	28880	5334	69988	99262	1764	44577	48473	30111	213	3679	552	134112	1005	117756	16863	48474	104927	5	4	53265	16263	0	19689	48	437486	78185	17249	20352	8117	24151	72	9	0	17	87	177	475	7479
ERR1713332	3418	2970	0.7356911696717522	0.6946614849662508	2008	2581	3810	2263	3721	5235	8636	2670	4551	1373	25	1135	964	5518	5395	3295	87	4036	5692	1611	3	11057	1629	5	610	86	25164	17370	558	6943	3207	2908	219	449	80	99	460	852	1160	435
SRR14844114	16530	14519	0.8061471367011058	1.1713917275882797	11533	18709	33201	1946	15696	26572	5950	29484	8199	9969	1053	6995	5850	26004	313	42741	886	18360	88368	49	2582	66584	1341	4770	6012	834	124519	107570	17412	30264	11498	12290	3027	1546	566	2720	1000	9870	9881	7496
SRR22807983	11824	10884	0.8524745731581324	1.1769020033103132	21796	34782	11136	7340	16984	935	18543	15485	316	3430	401	2131	9229	1476	20491	27902	81	1797	21907	21157	80	165745	409	2054	431	11282	191338	80029	4651	10529	21064	9522	7946	9038	644	13	9257	5397	861	1107
SRR29270182	2551	2505	0.7145033322754681	0.9324114980779161	1687	2246	1181	416	990	474	2224	1859	129	901	35	331	128	1645	1921	6544	28	210	2717	968	113	8383	33	44	103	1126	18901	7917	1272	2611	742	1281	171	641	2	31	341	48	99	678
SRR11582143	6926	5788	0.8339114995902759	1.2421086967431123	6275	7162	6699	3439	4186	4205	7344	9792	777	4769	313	2824	2206	8373	2700	17470	326	2062	23529	843	286	39812	60	1867	590	2741	52957	32798	5858	12322	1391	2621	2230	2003	207	64	2056	427	1673	1946
ERR2681669	10846	11077	0.6776802962009015	0.7431531270325124	10892	1614	5208	1245	6653	1863	10237	4841	12	1722	11	63	143	1986	9894	21936	16	411	5821	88	2	26989	916	18	728	4019	86026	13244	1537	5719	347	3754	237	1130	1	2	239	22	151	105
SRR8554503	38248	31837	0.7329417051026207	0.8590824455401611	42249	129704	56329	17223	8546	4195	67368	76787	1000	18906	12232	3120	6153	50480	84678	84759	131	3861	139008	53927	1533	133282	1576	2291	4534	5849	183294	286638	70883	61987	66034	6064	4304	3654	808	174	2139	32235	6637	31719
ERR599094	47798	40770	0.5526457924445053	0.6134366550791811	31510	31620	22180	1565	61886	34000	2916	39329	24278	23402	198	2618	1269	110010	411	111250	7968	10988	78666	14	441	21027	69	1	5499	266	251687	99343	33030	14054	4167	23651	3386	129	0	120	1043	979	613	18171
SRR29270189	2458	2490	0.7234472736463006	0.8169934640522876	1726	1123	1362	760	885	542	3157	1594	163	770	3	116	79	1286	3553	6207	26	295	4388	289	30	9691	24	17	141	890	19558	7834	565	3184	559	1489	277	1254	17	15	104	56	106	208
SRR25645260	26	45	0.6350974930362117	1.0507614213197969	2	52	24	5	0	0	8	23	0	0	0	0	2	1	4	70	0	0	32	10	1	168	1	5	0	2	102	94	60	21	8	2	0	0	0	0	0	0	0	3
SRR29699982	17639	16249	0.694454033643171	0.8049028996054698	8962	12707	15713	9501	6900	10633	32884	24970	3769	6607	193	5415	5196	32994	13840	42305	1298	6237	54329	10529	578	60310	263	1081	3166	7164	85980	75570	8175	24932	3316	9020	6910	5038	1922	1080	4230	6153	3514	1280
SRR30689436	671	676	0.7600567912920019	1.0294117647058822	627	600	484	247	331	408	921	892	108	366	2	100	36	722	301	1455	8	154	1365	240	20	1942	9	4	74	107	4206	2450	406	768	291	109	129	273	2	10	278	21	11	152
SRR9330151	12235	14565	1.509973873746646	1.8519750671760469	2731	200	45530	6	6333	242	44	15729	25516	33705	1748	10529	4210	33713	0	67	1	10802	63894	1	2	114995	4	28	281	0	53263	113869	350	86876	23	1	8159	3	1	40	1995	12	36	16373
SRR29699978	17689	16691	0.7548367021701561	0.8609683734018474	5125	19627	38422	4522	31652	31508	16775	55521	57036	13878	2156	19227	9899	50699	83	33177	135	18065	102755	196	101	43445	268	2615	5180	52	109658	91236	12365	31140	4990	1980	5795	2414	413	948	2922	6316	11260	10693
SRR12042682	31964	29072	0.6239495928863333	0.7514044733412234	3019	10011	28724	2828	8835	26547	32034	38823	897	13223	69	8573	10883	43003	2101	89061	30	6220	71750	865	2865	77710	182	7877	7347	3028	71499	57803	13392	14844	2500	1805	1545	585	781	939	335	307	20342	428
SRR16945790	3936	3918	0.7769712496441787	1.0095359186268278	2812	2706	4142	2532	1936	2005	8877	6880	703	1447	20	1506	1293	6417	4919	11029	455	1341	13293	3883	335	21178	94	263	544	3183	29054	20885	1863	7437	1249	2138	1065	1402	791	54	1376	2870	512	128
ERR1713356	5106	4897	0.7300985485434786	0.6781970386384776	3429	5678	4704	3336	5771	7610	11240	5191	3390	2163	69	1475	756	10712	6416	5858	221	4801	11214	2450	17	15541	2679	34	719	473	32041	22738	1463	8695	3032	2664	807	768	540	744	1198	283	2263	281
ERR2564002	20821	19359	0.8485385242808273	1.3858925760900889	9537	22276	40033	10661	25241	29174	29811	42153	11701	20049	1469	7067	11210	35022	2685	55943	2069	22267	109920	33	1490	71474	214	8963	4524	3818	130324	125602	21495	33838	11733	18498	5351	3671	1655	389	192	4360	12020	12400
SRR14844112	14426	12310	0.7838179889963731	1.0493144555594618	10907	14589	33255	3621	14060	22396	6365	26912	9968	8467	762	8044	3107	23029	186	31992	2043	14421	75323	40	925	41789	983	1591	5871	276	115233	93799	10560	30829	8974	12321	1991	949	158	1601	1455	10347	7796	6818
SRR6262816	2749	2204	0.7393256395576581	0.9010880829015544	2967	903	1853	1551	1573	508	4203	2975	48	2217	31	176	1276	980	3091	5502	101	240	6619	2543	15	14899	22	223	172	1386	21206	12663	872	4714	1548	1362	440	1653	59	1	433	758	802	21
ERR10125007	7782	7704	0.5699944036456251	0.6526239563809848	5942	4131	7583	1196	12788	9400	5125	9117	6860	3423	400	1196	1394	16094	869	20764	407	3286	18484	627	0	19930	311	83	740	450	52466	30747	7160	8839	2243	5487	394	363	54	89	1236	1875	407	2600
SRR11922363	9292	8957	0.801669552632259	0.9371330040078293	2738	12629	20359	2380	17132	15177	8942	24460	23718	6304	4220	7049	2112	22272	246	13876	3849	7313	43918	71	310	19144	282	761	3958	128	79071	59691	5036	20051	3184	4261	1783	391	94	489	3663	2391	9130	9218
SRR31840414	4356	4065	0.9001887574236913	1.243186139869005	10960	13302	3073	2130	3707	330	3700	2861	7	338	39	379	3048	428	6174	11789	1	363	4876	11325	21	83421	163	860	109	7047	75463	21223	941	2410	5206	2457	3998	2903	88	1	466	1633	303	817
ERR1725944	4524	4342	0.7491369390103567	0.7638880724237258	3568	6521	4080	2709	4961	9398	9011	3686	4918	1589	33	844	953	9548	5569	2911	321	5056	11353	1962	24	13916	3542	13	552	387	27484	18998	873	6464	3819	3263	340	271	366	499	1106	724	1129	144
SRR29270184	1859	1868	0.7312212130343076	0.9142769513878239	1198	1048	912	348	590	393	1537	1374	135	633	13	103	113	801	1734	5194	57	217	2565	223	25	6937	17	45	121	874	14854	5347	665	1694	634	1121	170	611	7	8	132	39	97	169
ERR2004604	3784	3808	0.981273780806247	1.4215054774554516	1997	3478	5430	1027	5777	5592	3534	10985	8496	3749	752	2653	2148	9278	437	8189	131	4569	21615	99	23	15248	69	647	544	426	38119	27359	2666	10039	1057	1554	1853	1380	73	26	2940	2482	1224	2065
ERR1713335	5275	4908	0.7089686482782251	0.6588742230256804	2927	4647	6360	3431	5538	6924	15075	5039	5606	1804	138	2490	1044	8714	8626	7085	155	5877	9410	3389	6	16169	2602	7	903	186	39823	29337	1182	13495	3211	3779	1102	1441	168	154	1050	582	2934	239
SRR33956860	45860	40751	0.7536384365405677	0.9784225962894614	14918	69868	55923	3985	26529	53960	11766	56473	2166	25699	172	8864	6133	94799	10671	111979	5395	19303	178530	70	1855	135858	1370	2948	14277	7125	232098	209428	15933	52365	41737	52176	5194	1150	673	1315	85	7579	14161	17060
SRR23617239	34469	32419	0.7532434581099139	0.9634340500726071	41535	29640	23034	21023	34705	801	47634	34103	449	16627	510	464	11891	2019	56138	85299	213	2323	32046	32014	118	275724	259	2095	1766	24449	391786	139430	8042	34234	27643	16639	9146	19495	1345	14	10445	4800	7490	137
ERR1713337	9254	8849	0.6739769748090733	0.6264393812114711	2993	7745	6810	3532	2730	6260	13261	4580	1627	1809	80	953	890	13108	10366	17814	359	6988	23395	3041	160	16314	1262	113	1150	1733	28206	33117	3136	13434	1396	5848	2694	2008	330	452	1931	292	1386	210
SRR28144588	14110	13475	0.6989585616045247	0.7810627612766308	8071	10858	15502	3164	10414	30343	5976	19605	17187	8839	630	1552	1565	27252	195	22934	6267	18681	43028	235	120	19852	3669	4	7185	51	108510	38461	6154	11642	4428	7933	250	66	0	15	1481	728	929	4835
SRR3471615	30686	29097	0.8222150729163806	1.1181912427466847	27335	17500	53543	15680	40704	33156	36101	48288	15516	21813	856	16398	17525	45322	17292	76551	1177	17633	102777	483	16	98138	773	1939	2159	14124	176513	253288	10593	57138	25059	24021	17427	17330	20	2523	21329	57267	4597	15984
ERR10121408	4689	4776	0.6077099312680546	0.7606664415175054	3552	2440	4818	537	5783	8484	3071	6218	4240	2125	176	543	788	8067	730	12164	187	2538	14197	423	9	13253	642	156	592	160	26711	16570	3227	5730	2066	2341	273	177	9	41	395	955	236	1120
SRR14527629	11717	10491	0.6587912393598279	0.6441541751143904	5172	11337	22586	3097	16772	25292	8842	14790	15637	8997	724	3706	685	22692	1672	16447	4045	19766	38938	45	2	15350	2480	1	5828	29	131647	56847	6744	19724	7447	10155	479	390	0	60	1963	3811	520	5554
SRR5145175	1431	1449	0.6904884318766067	0.8026323733623136	867	1436	2143	602	836	4076	470	2219	2723	934	6	216	166	2920	54	3054	596	1720	4650	0	1	2298	137	0	732	38	15361	4003	627	1420	383	423	88	0	0	0	73	192	59	738
SRR14844104	9790	8079	0.8102688688652392	1.1212492448143923	6141	13762	31311	2166	9942	15684	4799	19389	7666	5900	279	8191	2071	18406	115	24988	1138	12047	66674	27	1091	30186	484	1416	4133	372	65789	72410	7674	24896	5989	6862	1902	606	333	2899	1062	9068	7129	3990
SRR23617156	44532	45948	0.7254269489331496	0.8766255534471853	52923	12101	27739	23012	38399	5470	75916	23392	9058	24736	559	2526	4864	14419	83486	120683	468	2816	66855	11933	19	245402	134	365	4292	11302	543414	183360	8985	80319	14168	30462	3602	28941	230	8	4787	6842	4879	137
SRR29699981	7477	6814	0.6935727556707977	0.7758183202232936	4232	6073	8054	3789	3022	4787	13925	11363	1604	3367	70	3023	2042	12341	8055	17957	413	2840	23794	3003	72	22732	66	275	1460	1574	47569	36268	3474	12723	2079	4052	2327	2858	345	327	2067	3719	1923	374
SRR22573032	3546	3284	0.8720224662755127	1.2381201292529938	6271	2008	3128	2047	3527	584	7991	6561	239	2397	104	147	2121	1144	3121	8291	51	487	6542	2676	219	36034	180	995	118	4581	40944	21050	2609	5847	3624	2074	1458	2123	219	0	1216	1295	489	96
SRR15430531	28816	24702	0.7907832781610358	0.6858011966654072	8451	47866	49554	3004	41489	66343	34439	79280	273042	20301	7661	27624	88	104462	43	391	23787	153106	210166	437	0	143478	11537	3	20672	8	536385	168653	35832	55322	379	103	62	70	1	0	35055	18121	882	22826
ERR13301388	20722	18350	0.7444813903567342	0.9349149900131534	14049	26456	51670	6927	16337	35656	11725	31540	22367	13752	1647	4324	3841	33311	863	44595	6720	26064	107594	18	1061	65027	1340	1239	9746	394	180411	143352	22799	36965	18308	19372	1210	644	191	777	230	20435	13470	8951
SRR22808038	14214	12850	0.8688063972302783	1.3018837625841517	11450	26139	27471	4799	14761	17289	21773	29115	6853	13014	2288	3773	8006	33977	8094	35748	770	9544	62471	1952	624	63829	471	4546	3063	1927	132695	94353	13528	25156	11191	13637	4116	2227	577	502	2536	5784	7159	7940
SRR10589498	6990	6089	0.7521465612513815	0.8405886570017524	1189	4455	6103	673	7079	11963	2184	8147	3021	3732	203	2430	1216	10603	9	16278	61	1453	27781	49	342	13731	15	1700	527	586	24660	15250	3268	2405	1588	515	1526	5	16	14	18	15	2012	3868
SRR24958431	5013	3880	0.8726399119464906	1.154034126816937	4354	5425	7013	3463	20690	8085	12023	1094	30759	429	13	3323	3918	7117	7257	265	698	6955	25981	8823	0	48390	6784	8	894	85	136049	28502	67	18173	7763	673	52	553	0	0	652	508	31	30
DRR846312	34363	29982	0.8162765307917585	1.1135955039932908	30827	19936	31973	18844	19047	13126	68148	64729	3630	15538	250	9009	9386	38490	28827	98152	3155	8750	95756	4522	4217	201521	175	2787	3980	21240	281094	155202	17278	52482	6214	21037	10140	14083	3677	445	6918	20567	2013	348
SRR22573008	3602	3465	0.8286281165586977	1.1375360671504766	6309	4579	3396	2347	3780	445	7052	6269	122	2717	52	150	2161	401	6715	9308	24	275	5725	1839	55	41229	34	761	61	3355	40944	20980	1507	5000	4846	2239	1035	2145	113	2	1612	1569	803	109
SRR30952006	11039	10428	0.6156342077324076	0.6230977430939517	5507	6532	9942	2246	12108	10287	5815	12090	4722	6402	445	1675	1033	19979	1934	24149	2229	4804	22578	27	140	14958	205	214	2129	450	77809	32176	5527	10108	2704	6949	1501	606	29	154	403	882	1755	1558
SRR7244345	15283	14064	0.7001089276296658	0.9027186492987791	19914	25146	41069	3710	16752	3077	21940	28265	644	8646	55	6382	329	20600	11345	15861	71	1206	26035	20902	2130	59948	55	24	999	2009	88219	87289	14817	20712	2898	4547	856	16607	25	156	1112	12503	431	12625
SRR16971106	33648	30366	0.7240077446625421	0.9719355870747574	24145	26284	30639	16299	17003	19501	49946	52767	6717	15628	563	5516	8825	50156	15484	83385	723	12245	102207	12092	1782	125375	653	5157	4649	14902	148489	124702	26047	41113	7415	12158	10351	7235	4471	1338	3229	3576	4422	3347
ERR599100	51390	46789	0.5385948529118535	0.5485339792840053	35000	22901	29043	2709	57791	45895	3264	47830	22662	24467	380	1922	2034	125153	1036	133882	5752	12028	86559	185	0	38944	385	8	7442	440	262861	92641	23423	8097	7613	29644	5511	277	4	215	2216	727	1586	13328
DRR846313	34047	29547	0.8047057246625235	1.064608301106559	31411	21202	32182	18553	20816	12473	69623	61705	3143	15044	261	10044	8970	38437	31676	95156	3082	8285	94610	4905	3699	181381	213	2312	3992	19366	283190	156093	15441	51717	7691	21217	9068	15169	3089	409	6429	23084	2282	497
SRR15430506	20852	19735	1.4234026757991363	1.7874753786592406	2940	6114	81575	3953	16371	10145	27536	124455	60023	30839	184	16604	3884	105109	605	12847	0	20729	95080	1	52	241395	2	3288	303	0	154743	104423	10840	20815	15884	1894	3829	2007	16	77	953	2710	1821	43577
SRR31840412	3530	3384	0.8830902972518228	1.2308320155078305	9128	14261	2747	1550	2657	276	2693	2684	7	447	20	386	2690	295	5704	9699	5	330	4979	11389	67	57028	141	1606	75	6212	54563	19647	619	1802	3855	2863	4684	1826	17	2	583	2457	248	691
SRR27067706	1003	825	0.7585495283018868	0.9968237162519852	925	3241	690	430	832	58	718	511	82	165	43	37	543	211	1199	2183	56	47	1537	1099	25	8788	32	41	23	627	8219	3723	334	723	1190	341	121	347	35	0	305	143	104	80
SRR20069403	11688	9826	0.7404412742014089	1.0287557327744588	5929	5689	8771	5639	2249	10404	17933	19695	230	7534	33	6615	2997	26560	3185	39186	7	6710	47983	5891	1375	43983	205	1991	1924	5505	44583	48347	5623	17295	2480	1173	6659	4310	1803	188	6674	865	494	783
SRR1217565	8894	4974	0.6318962394029418	0.8702079460966543	11750	13540	11138	299	7996	10356	5281	18747	2070	6126	332	1231	398	22501	98	36562	339	4356	46590	41	45	23515	57	143	636	101	32643	34692	7213	13784	4987	3383	2188	67	63	178	115	405	1184	1125
SRR21518229	3312	3331	0.815748841996912	1.1552719125534658	2086	4765	3394	1105	1977	2745	3651	5246	992	1780	216	734	498	5635	1815	9962	367	1840	10336	105	28	11928	7	61	420	1180	26923	15644	1772	5004	1253	2729	530	681	42	28	639	338	1248	1380
SRR29270177	16119	15055	0.7306293565006566	1.1121736221789347	11400	28441	8881	2308	10459	2525	18047	17418	726	7870	490	4487	212	18360	7340	16251	40	1026	12303	16896	1435	26931	33	18	471	2546	87003	66721	18366	20604	1801	2721	906	4683	19	34	3033	163	277	14114
ERR1713402	5079	4943	0.7635533206379433	0.7119869824624842	3042	5890	4688	2911	6136	11458	10799	4626	6196	1929	43	966	583	10436	5639	3509	327	6013	10522	2058	14	13719	3952	17	874	200	31877	19578	1575	6921	3597	1905	402	322	500	984	1813	298	1135	126
SRR25242035	14087	12522	0.6940888009900189	0.8362179752922643	6351	12892	13499	3631	11120	11279	11933	18382	5640	8275	467	9029	2792	27605	258	28117	9	6702	58942	66	548	24633	905	140	2377	719	44778	55434	5478	16091	3242	1623	7104	3611	227	4173	8497	306	3117	1965
SRR35215095	75510	51269	0.5827405413065042	0.6585468100087835	18389	32162	30924	1107	158863	95090	1065	49376	45547	37919	215	4763	1546	150392	2061	279965	29630	21710	147352	70	2	38205	426	0	15708	29	773321	126406	35897	14267	7213	45057	1847	387	2	64	220	101	1133	20218
SRR11922361	11548	10295	0.6044564941116666	0.578303493540481	5996	6170	10349	972	9703	20870	448	13194	14763	7607	116	788	281	24550	234	27816	6899	9547	27184	63	8	11501	219	4	4277	81	80572	23840	5737	4921	1460	4842	1489	113	24	109	1647	94	390	3014
ERR10123865	6409	5946	0.5078081254277359	0.48854280113265086	2181	3156	2913	391	5420	4315	147	4962	1318	3218	17	299	310	15494	69	13697	912	1064	8532	18	0	2828	16	0	893	21	27108	11814	3440	756	601	3802	756	30	0	15	64	66	122	2162
ERR6412195	999	255	0.38618136952498455	1.4663212435233162	264	12	464	0	3	7	66	2	3	584	0	0	5	5	2	159	0	0	0	0	0	565	0	286	0	30	59	42	9	0	1	7	8	0	16	0	1	0	0	0
SRR13516753	1915	1616	0.6458658941028476	0.6664449175093135	1561	658	888	295	342	249	1583	459	64	578	13	49	33	608	1820	4146	6	182	1534	99	5	4818	8	0	127	735	11772	3539	489	1009	241	1005	144	313	1	34	144	66	23	70
